GSF2056-run1-plates1-2 Lennon/Shoemaker Summary,,,,,,,
,,,,,,,
Sample,Barcode sequence,PF Clusters,% >= Q30,Mean Quality,,,
,,,bases,Score,,,
GSF2056-Lennon-Plate1_0-B-A03-D1-P-1-300,GCTCATGA+ATTAGACG,"1,074,959",80.98,32.24,,,
GSF2056-Lennon-Plate1_0-B-A03-D1-P-1-400,TAGGCATG+ATTAGACG,"1,759,503",80.58,32.16,,,
GSF2056-Lennon-Plate1_0-B-A03-D1-P-1-600,GTAGAGGA+CGGAGAGA,"2,860,432",78.73,31.85,,,
GSF2056-Lennon-Plate1_0-B-B02-D1-P-2-200,TAGGCATG+CGGAGAGA,"4,206,273",79.5,31.94,,,
GSF2056-Lennon-Plate1_0-B-B02-D1-P-2-700,CGTACTAG+AGGCTTAG,"1,753,958",80.49,32.13,,,
GSF2056-Lennon-Plate1_0-B-B05-D1-S-2-500,CTCTCTAC+CGGAGAGA,"1,643,356",81.98,32.4,,,
GSF2056-Lennon-Plate1_0-B-B05-D1-S-2-600,AGGCAGAA+ATAGAGAG,"1,951,782",81.51,32.28,,,
GSF2056-Lennon-Plate1_0-B-B05-D1-S-2-700,TCCTGAGC+AGAGGATA,"7,663,460",81.25,32.21,,,
GSF2056-Lennon-Plate1_0-B-C01-D1-P-3-300,AAGAGGCA+TACTCCTT,"1,673,719",80.66,32.17,,,
GSF2056-Lennon-Plate1_0-B-C04-D1-S-3-400,AAGAGGCA+CGGAGAGA,"1,941,276",81.78,32.36,,,
GSF2056-Lennon-Plate1_0-B-D01-D1-P-4-400,GGACTCCT+CGGAGAGA,"1,318,825",80.27,32.12,,,
GSF2056-Lennon-Plate1_0-B-D01-D1-P-4-600,AGGCAGAA+TATGCAGT,"1,938,833",81.07,32.25,,,
GSF2056-Lennon-Plate1_0-B-D04-D1-S-4-600,CTCTCTAC+TATGCAGT,"1,544,484",82.63,32.52,,,
GSF2056-Lennon-Plate1_0-T-A01-D1-J-1-500,CGTACTAG+CGGAGAGA,"2,584,320",80.08,32.05,,,
GSF2056-Lennon-Plate1_0-T-A04-D1-B-1-400,CGTACTAG+ATTAGACG,"1,352,139",81.71,32.3,,,
GSF2056-Lennon-Plate1_0-T-A04-D1-B-1-600,CTCTCTAC+AGAGGATA,"1,938,094",81.42,32.25,,,
GSF2056-Lennon-Plate1_0-T-B03-D1-F-1-400,TCCTGAGC+TACTCCTT,"570,883",73.14,30.67,,,
GSF2056-Lennon-Plate1_0-T-B03-D1-F-1-700,ATCTCAGG+TACTCCTT,"433,192",82.22,32.42,,,
GSF2056-Lennon-Plate1_0-T-B05-D1-A-1-200,CGTACTAG+ATAGAGAG,"2,451,937",77.86,31.63,,,
GSF2056-Lennon-Plate1_0-T-B06-D1-D-1-200,AGGCAGAA+ATTAGACG,"1,749,038",78.42,31.72,,,
GSF2056-Lennon-Plate1_0-T-B06-D1-D-1-700,AGGCAGAA+CTCCTTAC,"1,978,423",79.31,31.92,,,
GSF2056-Lennon-Plate1_0-T-B11-D1-B-2-200,CGTACTAG+TATGCAGT,"1,966,723",82.75,32.53,,,
GSF2056-Lennon-Plate1_0-T-B12-D1-J-2-600,ATCTCAGG+TATGCAGT,"2,203,951",80.2,32.08,,,
GSF2056-Lennon-Plate1_0-T-C08-D1-C-2-500,AAGAGGCA+AGAGGATA,"1,741,369",77.99,31.66,,,
GSF2056-Lennon-Plate1_0-T-C12-D1-A-2-200,CGAGGCTG+CTCCTTAC,"2,134,767",77.88,31.63,,,
GSF2056-Lennon-Plate1_0-T-D06-D1-D-5-400,GCTCATGA+AGAGGATA,"1,477,039",79.41,31.94,,,
GSF2056-Lennon-Plate1_0-T-D06-D1-D-5-700,TAAGGCGA+CTCCTTAC,"4,195,340",79.31,31.91,,,
GSF2056-Lennon-Plate1_0-T-D07-D1-F-5-500,TCCTGAGC+TATGCAGT,"1,789,596",83.27,32.62,,,
GSF2056-Lennon-Plate1_0-T-D07-D1-F-5-700,CGTACTAG+CTCCTTAC,"3,572,069",81.95,32.33,,,
GSF2056-Lennon-Plate1_0-T-E10-D1-C-5-200,GGACTCCT+TACTCCTT,"1,788,973",78.53,31.77,,,
GSF2056-Lennon-Plate1_0-T-E11-D1-J-5-200,CTCTCTAC+ATAGAGAG,"2,606,841",80.66,32.19,,,
GSF2056-Lennon-Plate1_0-T-E11-D1-J-5-600,ATCTCAGG+ATAGAGAG,"405,479",80.39,32.12,,,
GSF2056-Lennon-Plate1_0-T-F01-D1-J-3-200,TAAGGCGA+AGGCTTAG,"2,014,645",79.06,31.89,,,
GSF2056-Lennon-Plate1_0-T-F01-D1-J-3-400,CTCTCTAC+AGGCTTAG,"2,029,542",80.04,32.06,,,
GSF2056-Lennon-Plate1_0-T-F05-D1-B-3-200,TAAGGCGA+TATGCAGT,"3,433,165",82.45,32.48,,,
GSF2056-Lennon-Plate1_0-T-F05-D1-B-3-500,TCCTGAGC+CGGAGAGA,"1,689,497",81.42,32.27,,,
GSF2056-Lennon-Plate1_0-T-F06-D1-A-3-100,TCCTGAGC+ATTAGACG,"2,471,319",77.43,31.53,,,
GSF2056-Lennon-Plate1_0-T-F06-D1-A-3-200,GTAGAGGA+ATTAGACG,"1,870,147",77.69,31.58,,,
GSF2056-Lennon-Plate1_0-T-F09-D1-F-4-100,TCCTGAGC+ATAGAGAG,"2,274,627",82.05,32.4,,,
GSF2056-Lennon-Plate1_0-T-G05-D1-C-3-500,AAGAGGCA+CTCCTTAC,"2,122,492",78.04,31.65,,,
GSF2056-Lennon-Plate1_0-T-G05-D1-C-3-600,TAGGCATG+AGGCTTAG,"1,899,351",77.95,31.65,,,
GSF2056-Lennon-Plate1_0-T-G09-D1-C-4-400,CGAGGCTG+ATAGAGAG,"856,319",78.82,31.84,,,
GSF2056-Lennon-Plate1_0-T-G09-D1-C-4-600,AAGAGGCA+TATGCAGT,"1,764,553",78.58,31.76,,,
GSF2056-Lennon-Plate1_0-T-G12-D1-A-4-100,GTAGAGGA+TACTCCTT,"2,045,975",78.33,31.71,,,
GSF2056-Lennon-Plate1_0-T-H02-D1-D-3-600,ATCTCAGG+AGGCTTAG,"1,534,245",79.71,32,,,
GSF2056-Lennon-Plate1_0-T-H04-D1-F-3-700,GCTCATGA+CTCCTTAC,"1,977,615",83.09,32.58,,,
GSF2056-Lennon-Plate1_0-T-H08-D1-D-4-700,CTCTCTAC+CTCCTTAC,"1,837,635",79.46,31.96,,,
GSF2056-Lennon-Plate1_0-T-H11-D1-J-4-500,TCCTGAGC+AGGCTTAG,"5,176,979",79.79,31.99,,,
GSF2056-Lennon-Plate1_0-T-H11-D1-J-4-700,GGACTCCT+CTCCTTAC,"2,467,867",80.02,32.06,,,
GSF2056-Lennon-Plate1_1-B-A01-D1-P-1-100,GGACTCCT+AGGCTTAG,"1,103,550",81.03,32.26,,,
GSF2056-Lennon-Plate1_1-B-A01-D1-P-1-300,TCCTGAGC+CTCCTTAC,"1,387,869",80.18,32.12,,,
GSF2056-Lennon-Plate1_1-B-A04-D1-S-1-100,ATCTCAGG+ATTAGACG,"5,766",79.85,31.94,,,
GSF2056-Lennon-Plate1_1-B-A04-D1-S-1-200,TAAGGCGA+ATTAGACG,"1,469,330",81.44,32.26,,,
GSF2056-Lennon-Plate1_1-B-B01-D1-P-2-200,AAGAGGCA+ATAGAGAG,"2,495,771",81.11,32.27,,,
GSF2056-Lennon-Plate1_1-B-B04-D1-S-2-200,GGACTCCT+TATGCAGT,"3,884,171",82.96,32.58,,,
GSF2056-Lennon-Plate1_1-B-D03-D1-P-4-100,GTAGAGGA+AGAGGATA,"1,447,190",79.69,31.98,,,
GSF2056-Lennon-Plate1_1-B-D03-D1-P-4-200,TAAGGCGA+TACTCCTT,"2,310,623",81.05,32.25,,,
GSF2056-Lennon-Plate1_1-B-D06-D1-S-4-600,AGGCAGAA+AGAGGATA,"2,158,535",80.92,32.13,,,
GSF2056-Lennon-Plate1_1-B-D06-D1-S-4-700,ATCTCAGG+AGAGGATA,"772,500",82.48,32.49,,,
GSF2056-Lennon-Plate1_1-B-E01-D1-P-5-100,GGACTCCT+ATTAGACG,"1,644,045",81.06,32.28,,,
GSF2056-Lennon-Plate1_1-T-A10-D1-C-2-200,CGTACTAG+AGAGGATA,"1,802,429",77.83,31.6,,,
GSF2056-Lennon-Plate1_1-T-B08-D1-B-2-400,CGTACTAG+TACTCCTT,"1,360,756",82.43,32.47,,,
GSF2056-Lennon-Plate1_1-T-C03-D1-J-1-300,GCTCATGA+CGGAGAGA,"1,100,460",80.04,32.07,,,
GSF2056-Lennon-Plate1_1-T-C04-D1-B-1-400,TAGGCATG+CTCCTTAC,"1,605,127",81.86,32.35,,,
GSF2056-Lennon-Plate1_1-T-D03-D1-A-5-200,CGAGGCTG+AGAGGATA,"1,551,502",77.46,31.54,,,
GSF2056-Lennon-Plate1_1-T-D05-D1-B-5-200,AGGCAGAA+AGGCTTAG,"1,286,194",80.45,32.04,,,
GSF2056-Lennon-Plate1_1-T-D09-D1-F-5-200,AAGAGGCA+AGGCTTAG,"1,785,186",82.83,32.51,,,
GSF2056-Lennon-Plate1_1-T-D10-D1-C-5-400,CGAGGCTG+TACTCCTT,"2,219,641",78.62,31.77,,,
GSF2056-Lennon-Plate1_1-T-E06-D1-D-5-100,CGAGGCTG+TATGCAGT,"1,763,903",79.57,31.97,,,
GSF2056-Lennon-Plate1_1-T-E09-D1-J-5-100,AGGCAGAA+CGGAGAGA,"1,328,482",79.77,31.99,,,
GSF2056-Lennon-Plate1_1-T-F02-D1-C-3-400,TAGGCATG+AGAGGATA,"2,280,105",78.14,31.68,,,
GSF2056-Lennon-Plate1_1-T-F03-D1-F-3-200,GGACTCCT+AGAGGATA,"2,977,438",82.52,32.45,,,
GSF2056-Lennon-Plate1_1-T-F04-D1-D-3-400,TAAGGCGA+AGAGGATA,"5,411,919",79.34,31.92,,,
GSF2056-Lennon-Plate1_1-T-F08-D1-C-4-100,GTAGAGGA+AGGCTTAG,"1,722,565",78.35,31.71,,,
GSF2056-Lennon-Plate1_1-T-G02-D1-A-3-100,AAGAGGCA+ATTAGACG,"1,904,313",77.71,31.59,,,
GSF2056-Lennon-Plate1_2-B-A02-D1-P-1-200,ATCTCAGG+CGGAGAGA,"17,780",78.45,31.7,,,
GSF2056-Lennon-Plate1_2-B-D05-D1-S-4-100,GCTCATGA+TACTCCTT,"1,452,866",81.87,32.39,,,
GSF2056-Lennon-Plate1_2-B-E02-D1-P-5-400,GCTCATGA+ATAGAGAG,"1,550,861",81.12,32.28,,,
GSF2056-Lennon-Plate1_2-B-E08-D5-B-5-500,ATCTCAGG+CTCCTTAC,"2,186,173",81.89,32.37,,,
GSF2056-Lennon-Plate1_2-T-A02-D1-C-1-200,CGAGGCTG+AGGCTTAG,"1,680,258",78.04,31.66,,,
GSF2056-Lennon-Plate1_2-T-A02-D1-C-1-400,GTAGAGGA+ATAGAGAG,"2,447,761",78.86,31.83,,,
GSF2056-Lennon-Plate1_2-T-A03-D1-A-1-100,TAGGCATG+TACTCCTT,"1,346,112",77.63,31.58,,,
GSF2056-Lennon-Plate1_2-T-A07-D1-A-2-200,GTAGAGGA+TATGCAGT,"2,807,959",78.19,31.68,,,
GSF2056-Lennon-Plate1_2-T-B07-D1-J-2-100,TAGGCATG+ATAGAGAG,"1,501,620",80.36,32.12,,,
GSF2056-Lennon-Plate1_2-T-C01-D1-J-1-300,GTAGAGGA+CTCCTTAC,"1,835,301",80.76,32.18,,,
GSF2056-Lennon-Plate1_2-T-C02-D1-D-1-400,TAGGCATG+TATGCAGT,"2,356,073",79.27,31.91,,,
GSF2056-Lennon-Plate1_2-T-C05-D1-B-1-200,CTCTCTAC+ATTAGACG,"1,457,709",82.66,32.5,,,
GSF2056-Lennon-Plate1_2-T-C05-D1-B-1-500,GCTCATGA+AGGCTTAG,"1,867,642",82.66,32.53,,,
GSF2056-Lennon-Plate1_2-T-C07-D1-F-2-100,CGAGGCTG+CGGAGAGA,"4,140,887",81.32,32.2,,,
GSF2056-Lennon-Plate1_2-T-C10-D1-C-2-200,CGAGGCTG+ATTAGACG,"1,348,285",78.38,31.73,,,
GSF2056-Lennon-Plate1_2-T-C10-D1-C-2-500,AGGCAGAA+TACTCCTT,"1,979,604",78.33,31.7,,,
GSF2056-Lennon-Plate1_2-T-E05-D1-D-5-200,GCTCATGA+TATGCAGT,"1,650,251",79.53,31.97,,,
GSF2056-Lennon-Plate1_2-T-G01-D1-B-3-300,GGACTCCT+ATAGAGAG,"1,440,833",81.33,32.24,,,
GSF2056-Lennon-Plate1_2-T-G08-D1-C-4-200,TAAGGCGA+ATAGAGAG,"9,421,459",79.23,31.9,,,
GSF2056-Lennon-Plate1_2-T-H01-D1-J-3-200,TAAGGCGA+CGGAGAGA,"4,623,492",80.14,32.07,,,
GSF2056-Lennon-Plate1_2-T-H12-D1-D-4-200,CTCTCTAC+TACTCCTT,"2,204,013",79.18,31.89,,,
GSF2056-Lennon-Plate2_0-B-A03-D1-P-1-100,CGGAGCCT+ATAGCCTT,"2,674,063",80.63,32.17,,,
GSF2056-Lennon-Plate2_0-B-A03-D1-P-1-200,CGGAGCCT+AGCTAGAA,"2,033,119",80.39,32.12,,,
GSF2056-Lennon-Plate2_0-B-A03-D1-P-1-500,TACGCTGC+TAAGGCTC,"1,785,935",79.89,32.02,,,
GSF2056-Lennon-Plate2_0-B-B02-D1-P-2-400,GCGTAGTA+AGCTAGAA,"3,220,552",80.63,32.16,,,
GSF2056-Lennon-Plate2_0-B-C01-D1-P-3-200,CGATCAGT+CTTAATAG,"1,896,151",81.5,32.35,,,
GSF2056-Lennon-Plate2_0-B-C01-D1-P-3-500,CGATCAGT+TAAGGCTC,"2,005,727",80.34,32.09,,,
GSF2056-Lennon-Plate2_0-B-C01-D1-P-3-700,TCGACGTC+CTTAATAG,"932,651",80.14,32.06,,,
GSF2056-Lennon-Plate2_0-B-C04-D1-S-3-300,GGAGCTAC+ATAGCCTT,"1,602,406",81.72,32.31,,,
GSF2056-Lennon-Plate2_0-B-D04-D1-S-4-200,CGGAGCCT+TCGCATAA,"2,133,315",82.52,32.51,,,
GSF2056-Lennon-Plate2_0-B-D04-D1-S-4-700,GGAGCTAC+TCTTACGC,"1,901,465",82.18,32.43,,,
GSF2056-Lennon-Plate2_0-B-E03-D1-P-5-200,CGGAGCCT+CTAGTCGA,"1,741,446",80.73,32.2,,,
GSF2056-Lennon-Plate2_0-B-E06-D1-S-5-200,GCGTAGTA+ACTCTAGG,"2,311,339",82.58,32.5,,,
GSF2056-Lennon-Plate2_0-B-E06-D1-S-5-300,GGAGCTAC+TAAGGCTC,"1,548,024",81.36,32.24,,,
GSF2056-Lennon-Plate2_0-T-A01-D1-J-1-200,ACTGAGCG+TCTTACGC,"2,403,557",79.72,31.98,,,
GSF2056-Lennon-Plate2_0-T-A01-D1-J-1-300,TAGCGCTC+ATAGCCTT,"1,989,471",80.17,32.07,,,
GSF2056-Lennon-Plate2_0-T-A01-D1-J-1-600,CGGAGCCT+TAAGGCTC,"2,406,114",79.72,31.97,,,
GSF2056-Lennon-Plate2_0-T-A04-D1-B-1-200,TCGACGTC+TCTTACGC,"1,119,555",81.55,32.31,,,
GSF2056-Lennon-Plate2_0-T-A06-D1-C-1-400,TACGCTGC+TCGCATAA,"3,814,569",77.75,31.61,,,
GSF2056-Lennon-Plate2_0-T-A06-D1-C-1-700,TCGACGTC+TCGCATAA,"610,626",78.67,31.8,,,
GSF2056-Lennon-Plate2_0-T-A08-D1-D-2-500,ACTGAGCG+AGCTAGAA,"2,587,221",79.22,31.89,,,
GSF2056-Lennon-Plate2_0-T-A08-D1-D-2-700,TGCAGCTA+ATAGCCTT,"1,552,406",79.48,31.95,,,
GSF2056-Lennon-Plate2_0-T-B03-D1-F-1-300,GGAGCTAC+TCGCATAA,"1,904,748",82.05,32.38,,,
GSF2056-Lennon-Plate2_0-T-B03-D1-F-1-600,TAGCGCTC+TCGCATAA,"1,759,345",83.03,32.59,,,
GSF2056-Lennon-Plate2_0-T-B05-D1-A-1-100,CGGAGCCT+TCTTACGC,"2,070,978",77.8,31.61,,,
GSF2056-Lennon-Plate2_0-T-B12-D1-J-2-400,TACGCTGC+AGCTAGAA,"6,645,365",79.86,32.01,,,
GSF2056-Lennon-Plate2_0-T-B12-D1-J-2-500,TACGCTGC+ACTCTAGG,"2,158,190",80.07,32.05,,,
GSF2056-Lennon-Plate2_0-T-C08-D1-C-2-600,CGATCAGT+CTAGTCGA,"2,853,855",78.66,31.8,,,
GSF2056-Lennon-Plate2_0-T-C12-D1-A-2-100,CCTAAGAC+TAAGGCTC,"3,437,708",77.91,31.64,,,
GSF2056-Lennon-Plate2_0-T-D05-D1-B-5-200,ACTCGCTA+TAAGGCTC,"1,432,049",82.51,32.5,,,
GSF2056-Lennon-Plate2_0-T-D05-D1-B-5-500,TCGACGTC+TAAGGCTC,"1,755,499",82.37,32.46,,,
GSF2056-Lennon-Plate2_0-T-D05-D1-B-5-700,GGAGCTAC+ACTCTAGG,"1,853,569",82.74,32.56,,,
GSF2056-Lennon-Plate2_0-T-D06-D1-D-5-200,TAGCGCTC+AGCTAGAA,"5,189,700",79.28,31.92,,,
GSF2056-Lennon-Plate2_0-T-D07-D1-F-5-600,ACTCGCTA+CTAGTCGA,"2,046,148",82.79,32.54,,,
GSF2056-Lennon-Plate2_0-T-E11-D1-J-5-300,CCTAAGAC+ATAGCCTT,"3,937,638",80.3,32.09,,,
GSF2056-Lennon-Plate2_0-T-E11-D1-J-5-500,ATGCGCAG+ACTCTAGG,"3,472,611",80.22,32.08,,,
GSF2056-Lennon-Plate2_0-T-F01-D1-J-3-500,GGAGCTAC+AGCTAGAA,"2,788,604",79.69,31.99,,,
GSF2056-Lennon-Plate2_0-T-F01-D1-J-3-600,ACTGAGCG+CTTAATAG,"3,947,754",80.24,32.08,,,
GSF2056-Lennon-Plate2_0-T-F05-D1-B-3-600,TACGCTGC+CTAGTCGA,"3,630,922",81.83,32.34,,,
GSF2056-Lennon-Plate2_0-T-F12-D1-B-4-200,CCTAAGAC+CTAGTCGA,"1,997,722",81.13,32.25,,,
GSF2056-Lennon-Plate2_0-T-G05-D1-C-3-200,ACTGAGCG+ACTCTAGG,"4,067,754",78.68,31.79,,,
GSF2056-Lennon-Plate2_0-T-G05-D1-C-3-400,TGCAGCTA+AGCTAGAA,"1,588,610",78.29,31.72,,,
GSF2056-Lennon-Plate2_0-T-G05-D1-C-3-700,GGAGCTAC+CTAGTCGA,"2,117,098",77.75,31.64,,,
GSF2056-Lennon-Plate2_0-T-G09-D1-C-4-500,ACTGAGCG+TAAGGCTC,"1,807,851",78.23,31.69,,,
GSF2056-Lennon-Plate2_0-T-G09-D1-C-4-700,CCTAAGAC+TCTTACGC,"2,371,777",78.38,31.72,,,
GSF2056-Lennon-Plate2_0-T-G12-D1-A-4-200,GGAGCTAC+CTTAATAG,"2,102,419",78.26,31.72,,,
GSF2056-Lennon-Plate2_0-T-H08-D1-D-4-600,GCGTAGTA+TAAGGCTC,"2,356,273",79.07,31.86,,,
GSF2056-Lennon-Plate2_0-T-H11-D1-J-4-400,ACTCGCTA+TCGCATAA,"1,877,763",80.09,32.08,,,
GSF2056-Lennon-Plate2_0-T-H11-D1-J-4-600,ACTGAGCG+TCGCATAA,"2,298,630",79.69,31.97,,,
GSF2056-Lennon-Plate2_1-B-A04-D1-S-1-300,ACTCGCTA+AGCTAGAA,"2,633,181",81.9,32.37,,,
GSF2056-Lennon-Plate2_1-B-A04-D1-S-1-400,GCGTAGTA+TCTTACGC,"1,496,974",79.01,31.87,,,
GSF2056-Lennon-Plate2_1-B-B01-D1-P-2-100,ACTCGCTA+CTTAATAG,"4,693,415",81.2,32.3,,,
GSF2056-Lennon-Plate2_1-B-B04-D1-S-2-400,TACGCTGC+ATAGCCTT,"2,556,489",81.59,32.28,,,
GSF2056-Lennon-Plate2_1-B-B04-D1-S-2-600,TAGCGCTC+ACTCTAGG,"2,256,636",82.58,32.49,,,
GSF2056-Lennon-Plate2_1-B-C03-D1-P-3-100,TACGCTGC+TCTTACGC,"1,866,526",80.19,32.09,,,
GSF2056-Lennon-Plate2_1-B-C03-D1-P-3-400,TAGCGCTC+CTTAATAG,"1,566,718",80.89,32.22,,,
GSF2056-Lennon-Plate2_1-B-C06-D1-S-3-300,ACTGAGCG+CTAGTCGA,"4,081,937",82.17,32.43,,,
GSF2056-Lennon-Plate2_1-B-E01-D1-P-5-400,ATGCGCAG+CTTAATAG,"1,901,413",80.83,32.21,,,
GSF2056-Lennon-Plate2_1-T-A10-D1-C-2-100,TGCAGCTA+CTAGTCGA,"1,348,872",77.27,31.51,,,
GSF2056-Lennon-Plate2_1-T-B01-D1-C-1-200,TACGCTGC+CTTAATAG,"1,762,222",78.18,31.69,,,
GSF2056-Lennon-Plate2_1-T-B01-D1-C-1-400,TCGACGTC+AGCTAGAA,"1,128,942",78.95,31.84,,,
GSF2056-Lennon-Plate2_1-T-B04-D1-D-1-300,CGATCAGT+TCGCATAA,"1,642,498",79.31,31.93,,,
GSF2056-Lennon-Plate2_1-T-B08-D1-B-2-300,ATGCGCAG+AGCTAGAA,"7,008,494",82.22,32.42,,,
GSF2056-Lennon-Plate2_1-T-B10-D1-F-2-200,CGATCAGT+ACTCTAGG,"1,495,691",83.74,32.72,,,
GSF2056-Lennon-Plate2_1-T-C03-D1-J-1-100,TGCAGCTA+ACTCTAGG,"1,754,063",80.56,32.16,,,
GSF2056-Lennon-Plate2_1-T-C03-D1-J-1-400,CCTAAGAC+CTTAATAG,"3,364,475",80.52,32.15,,,
GSF2056-Lennon-Plate2_1-T-C04-D1-B-1-200,CGATCAGT+TCTTACGC,"2,549,219",82.23,32.43,,,
GSF2056-Lennon-Plate2_1-T-D10-D1-C-5-200,TAGCGCTC+TCTTACGC,"1,932,189",78.25,31.7,,,
GSF2056-Lennon-Plate2_1-T-E06-D1-D-5-400,TAGCGCTC+TAAGGCTC,"1,416,180",79.07,31.88,,,
GSF2056-Lennon-Plate2_1-T-F02-D1-C-3-100,ATGCGCAG+CTAGTCGA,"1,664,930",78.67,31.81,,,
GSF2056-Lennon-Plate2_1-T-F08-D1-C-4-200,ATGCGCAG+TCGCATAA,"2,354,426",78.54,31.77,,,
GSF2056-Lennon-Plate2_1-T-F08-D1-C-4-400,ACTGAGCG+ATAGCCTT,"2,133,707",78.55,31.76,,,
GSF2056-Lennon-Plate2_1-T-H07-D1-D-4-400,ACTCGCTA+ATAGCCTT,"3,385,914",79.31,31.92,,,
GSF2056-Lennon-Plate2_1-T-H09-D1-F-4-400,TGCAGCTA+TCTTACGC,"1,195,053",82.24,32.45,,,
GSF2056-Lennon-Plate2_1-T-H10-D1-J-4-300,CCTAAGAC+ACTCTAGG,"2,994,704",80.29,32.1,,,
GSF2056-Lennon-Plate2_2-B-A05-D1-S-1-500,CGGAGCCT+CTTAATAG,"2,275,691",82.41,32.46,,,
GSF2056-Lennon-Plate2_2-B-B03-D1-P-2-400,CCTAAGAC+AGCTAGAA,"4,681,748",80.56,32.15,,,
GSF2056-Lennon-Plate2_2-B-B06-D1-S-2-500,CGATCAGT+ATAGCCTT,"4,049,483",82.73,32.52,,,
GSF2056-Lennon-Plate2_2-B-C05-D1-S-3-100,TCGACGTC+CTAGTCGA,"369,248",81.17,32.25,,,
GSF2056-Lennon-Plate2_2-B-D05-D1-S-4-500,GCGTAGTA+CTTAATAG,"910,503",82.54,32.52,,,
GSF2056-Lennon-Plate2_2-B-E11-D3-C-5-100,CGGAGCCT+ACTCTAGG,"1,856,220",78.85,31.83,,,
GSF2056-Lennon-Plate2_2-T-B07-D1-J-2-200,ATGCGCAG+TCTTACGC,"3,065,853",80.16,32.07,,,
GSF2056-Lennon-Plate2_2-T-C02-D1-D-1-200,CGATCAGT+AGCTAGAA,"1,625,540",80.22,32.11,,,
GSF2056-Lennon-Plate2_2-T-C05-D1-B-1-100,TGCAGCTA+TCGCATAA,"765,012",81.32,32.29,,,
GSF2056-Lennon-Plate2_2-T-C09-D1-D-2-500,ATGCGCAG+ATAGCCTT,"4,598,723",79.1,31.87,,,
GSF2056-Lennon-Plate2_2-T-C11-D1-B-2-500,ACTCGCTA+TCTTACGC,"4,213,836",82.45,32.49,,,
GSF2056-Lennon-Plate2_2-T-E05-D1-D-5-400,TCGACGTC+ATAGCCTT,"1,190,646",79.84,32.02,,,
GSF2056-Lennon-Plate2_2-T-E05-D1-D-5-500,TGCAGCTA+CTTAATAG,"1,636,943",79.72,32.01,,,
GSF2056-Lennon-Plate2_2-T-G07-D1-J-4-100,TCGACGTC+ACTCTAGG,"831,874",79.96,32.02,,,
GSF2056-Lennon-Plate2_2-T-G07-D1-J-4-200,GCGTAGTA+ATAGCCTT,"3,566,431",80.07,32.04,,,
GSF2056-Lennon-Plate2_2-T-G08-D1-C-4-500,CCTAAGAC+TCGCATAA,"2,087,737",78.62,31.78,,,
GSF2056-Lennon-Plate2_2-T-G10-D1-B-4-500,ATGCGCAG+TAAGGCTC,"3,023,804",81.26,32.21,,,
GSF2056-Lennon-Plate2_2-T-H01-D1-J-3-300,TGCAGCTA+TAAGGCTC,"1,737,293",80.18,32.07,,,
GSF2056-Lennon-Plate2_2-T-H05-D1-C-3-200,ACTCGCTA+ACTCTAGG,"8,722,999",78.49,31.77,,,
GSF2056-Lennon-Plate2_2-T-H05-D1-C-3-300,GCGTAGTA+TCGCATAA,"2,030,666",79.85,32.04,,,
GSF2056-Lennon-Plate2_2-T-H05-D1-C-3-400,TAGCGCTC+CTAGTCGA,"3,707,994",78.05,31.69,,,
GSF2056-Lennon-Plate2_2-T-H06-D1-D-3-400,GCGTAGTA+CTAGTCGA,"2,810,702",79.56,31.99,,,
Undetermined,unknown,"21,934,326",72.5,30.46,,,
,,,,,,,
,,,,,,,
,,,,,,,
,,,,,,,
,,,,,,,
,,,,,,,
,,,,,,,
,,,,,,,
,,,,,,,
,,,,,,,
,,,,,,,
,,,,,,,
,,,,,,,
,,,,,,,
,,,,,,,