GSF2124-plates5-6-run5 Summary,,,,,,,
,,,,,,,
Sample,Barcode sequence,PF Clusters,% >= Q30,Mean Quality,,,
,,,bases,Score,,,
GSF2124-Lennon-Plate5-0-A-1-800,GCTCATGA+CTCCTTAC,"15,261",79.1,31.73,,,
GSF2124-Lennon-Plate5-0-A-2-800,ATCTCAGG+CTCCTTAC,"2,369,371",80.22,31.98,,,
GSF2124-Lennon-Plate5-0-A-3-800,TAAGGCGA+TATGCAGT,"5,479,472",78.12,31.57,,,
GSF2124-Lennon-Plate5-0-A-4-800,CGTACTAG+TATGCAGT,"2,390,376",77.75,31.5,,,
GSF2124-Lennon-Plate5-0-A-5-800,AGGCAGAA+TATGCAGT,"2,794,318",77.66,31.47,,,
GSF2124-Lennon-Plate5-0-B-1-800,AAGAGGCA+TATGCAGT,"2,503,636",81.4,32.15,,,
GSF2124-Lennon-Plate5-0-B-2-800,GTAGAGGA+TATGCAGT,"3,053,991",81.49,32.16,,,
GSF2124-Lennon-Plate5-0-B-3-800,GCTCATGA+TATGCAGT,"2,227,925",81.57,32.18,,,
GSF2124-Lennon-Plate5-0-B-4-800,ATCTCAGG+TATGCAGT,"7,259",79.85,31.87,,,
GSF2124-Lennon-Plate5-0-B-5-800,TAAGGCGA+TACTCCTT,"2,556,112",81.5,32.17,,,
GSF2124-Lennon-Plate5-0-C-1-800,GCTCATGA+TACTCCTT,"2,073,268",78.28,31.6,,,
GSF2124-Lennon-Plate5-0-C-2-800,ATCTCAGG+TACTCCTT,"1,702,124",78.27,31.6,,,
GSF2124-Lennon-Plate5-0-C-3-800,TAAGGCGA+AGGCTTAG,"3,405,099",78.95,31.76,,,
GSF2124-Lennon-Plate5-0-C-4-800,CGTACTAG+AGGCTTAG,"988,181",78.81,31.72,,,
GSF2124-Lennon-Plate5-0-C-5-800,AGGCAGAA+AGGCTTAG,"2,491,708",77.7,31.47,,,
GSF2124-Lennon-Plate5-0-D-1-800,GCTCATGA+AGGCTTAG,"1,726,139",78.38,31.62,,,
GSF2124-Lennon-Plate5-0-D-4-800,ATCTCAGG+AGGCTTAG,"1,802,243",79,31.75,,,
GSF2124-Lennon-Plate5-0-D-5-800,TAAGGCGA+ATTAGACG,"3,972,578",79.38,31.82,,,
GSF2124-Lennon-Plate5-0-F-1-800,GCTCATGA+ATTAGACG,"2,213,562",82.38,32.32,,,
GSF2124-Lennon-Plate5-0-F-2-800,ATCTCAGG+ATTAGACG,"2,057,284",82.68,32.38,,,
GSF2124-Lennon-Plate5-0-F-3-800,TAAGGCGA+CGGAGAGA,"4,375,394",82.72,32.4,,,
GSF2124-Lennon-Plate5-0-F-4-800,CGTACTAG+CGGAGAGA,"2,870,792",81.83,32.22,,,
GSF2124-Lennon-Plate5-0-F-5-800,AGGCAGAA+CGGAGAGA,"2,887,515",82.06,32.26,,,
GSF2124-Lennon-Plate5-0-J-1-800,CGAGGCTG+CGGAGAGA,"2,837,814",79.06,31.75,,,
GSF2124-Lennon-Plate5-0-J-2-800,AAGAGGCA+CGGAGAGA,"2,910,535",80.59,32.07,,,
GSF2124-Lennon-Plate5-0-J-3-800,GTAGAGGA+CGGAGAGA,"2,396,062",78.73,31.7,,,
GSF2124-Lennon-Plate5-0-J-4-800,GCTCATGA+CGGAGAGA,"2,279,742",79.53,31.84,,,
GSF2124-Lennon-Plate5-0-J-5-800,ATCTCAGG+CGGAGAGA,"2,046,783",79.49,31.83,,,
GSF2124-Lennon-Plate5-0-P-4-700,CTCTCTAC+AGAGGATA,"3,493,593",80.23,31.94,,,
GSF2124-Lennon-Plate5-1-A-1-800,TCCTGAGC+TATGCAGT,"2,341,346",77.48,31.44,,,
GSF2124-Lennon-Plate5-1-A-2-800,GGACTCCT+TATGCAGT,"3,264,961",77.78,31.5,,,
GSF2124-Lennon-Plate5-1-A-3-800,TAGGCATG+TATGCAGT,"3,432,286",77.36,31.42,,,
GSF2124-Lennon-Plate5-1-A-4-800,CTCTCTAC+TATGCAGT,"2,026,987",77.31,31.41,,,
GSF2124-Lennon-Plate5-1-A-5-800,CGAGGCTG+TATGCAGT,"2,121,429",77.36,31.42,,,
GSF2124-Lennon-Plate5-1-B-1-800,CGTACTAG+TACTCCTT,"2,691,349",81.44,32.16,,,
GSF2124-Lennon-Plate5-1-B-2-800,AGGCAGAA+TACTCCTT,"1,960,011",80.51,31.96,,,
GSF2124-Lennon-Plate5-1-B-4-800,TCCTGAGC+TACTCCTT,"1,535,101",75.23,30.93,,,
GSF2124-Lennon-Plate5-1-B-5-800,GGACTCCT+TACTCCTT,"2,641,340",81.33,32.13,,,
GSF2124-Lennon-Plate5-1-C-2-800,TCCTGAGC+AGGCTTAG,"1,395,520",78.35,31.61,,,
GSF2124-Lennon-Plate5-1-C-3-800,GGACTCCT+AGGCTTAG,"3,441,117",78.27,31.6,,,
GSF2124-Lennon-Plate5-1-D-1-800,CGTACTAG+ATTAGACG,"2,217,590",78.65,31.68,,,
GSF2124-Lennon-Plate5-1-D-2-700,TAAGGCGA+ATAGAGAG,"6,770,071",79.04,31.75,,,
GSF2124-Lennon-Plate5-1-D-2-800,AGGCAGAA+ATTAGACG,"2,475,629",78.38,31.61,,,
GSF2124-Lennon-Plate5-1-D-3-700,CGTACTAG+ATAGAGAG,"4,232,401",78.63,31.67,,,
GSF2124-Lennon-Plate5-1-D-3-800,TCCTGAGC+ATTAGACG,"3,934,182",78.09,31.56,,,
GSF2124-Lennon-Plate5-1-D-4-700,AGGCAGAA+ATAGAGAG,"3,522,653",78.27,31.58,,,
GSF2124-Lennon-Plate5-1-D-4-800,GGACTCCT+ATTAGACG,"2,531,768",78.54,31.66,,,
GSF2124-Lennon-Plate5-1-D-5-700,TCCTGAGC+ATAGAGAG,"2,700,298",78.25,31.59,,,
GSF2124-Lennon-Plate5-1-F-1-700,GTAGAGGA+ATAGAGAG,"2,920,109",82.72,32.39,,,
GSF2124-Lennon-Plate5-1-F-1-800,TCCTGAGC+CGGAGAGA,"2,268,120",81.27,32.09,,,
GSF2124-Lennon-Plate5-1-F-2-700,GCTCATGA+ATAGAGAG,"12,969",80.25,31.96,,,
GSF2124-Lennon-Plate5-1-F-2-800,GGACTCCT+CGGAGAGA,"2,931,317",82.09,32.27,,,
GSF2124-Lennon-Plate5-1-F-3-700,ATCTCAGG+ATAGAGAG,"2,650,283",83.06,32.47,,,
GSF2124-Lennon-Plate5-1-F-3-800,TAGGCATG+CGGAGAGA,"3,188,896",81.69,32.18,,,
GSF2124-Lennon-Plate5-1-F-4-700,TAAGGCGA+AGAGGATA,"3,738,590",82.13,32.27,,,
GSF2124-Lennon-Plate5-1-F-4-800,CTCTCTAC+CGGAGAGA,"1,978,485",81.9,32.23,,,
GSF2124-Lennon-Plate5-1-J-1-700,CGTACTAG+AGAGGATA,"3,327,447",80.18,31.98,,,
GSF2124-Lennon-Plate5-1-J-5-700,AGGCAGAA+AGAGGATA,"3,389,177",79.99,31.93,,,
GSF2124-Lennon-Plate5-1-P-1-700,CGAGGCTG+AGAGGATA,"2,855,809",79.71,31.88,,,
GSF2124-Lennon-Plate5-1-P-2-700,AAGAGGCA+AGAGGATA,"3,180,733",79.81,31.9,,,
GSF2124-Lennon-Plate5-1-P-3-700,GTAGAGGA+AGAGGATA,"2,426,420",79.83,31.91,,,
GSF2124-Lennon-Plate5-1-P-4-700,GCTCATGA+AGAGGATA,"2,527,322",79.94,31.93,,,
GSF2124-Lennon-Plate5-1-P-5-700,ATCTCAGG+AGAGGATA,"4,866",79.97,31.92,,,
GSF2124-Lennon-Plate5-2-B-1-800,TAGGCATG+TACTCCTT,"1,835,397",80.4,31.94,,,
GSF2124-Lennon-Plate5-2-B-2-800,CTCTCTAC+TACTCCTT,"2,988,954",82.99,32.5,,,
GSF2124-Lennon-Plate5-2-B-3-800,CGAGGCTG+TACTCCTT,"3,810,732",80.8,32.02,,,
GSF2124-Lennon-Plate5-2-B-4-800,AAGAGGCA+TACTCCTT,"4,403,770",82.64,32.4,,,
GSF2124-Lennon-Plate5-2-B-5-800,GTAGAGGA+TACTCCTT,"1,140,567",81.8,32.22,,,
GSF2124-Lennon-Plate5-2-C-1-800,TAGGCATG+AGGCTTAG,"3,002,017",77.29,31.4,,,
GSF2124-Lennon-Plate5-2-C-2-800,CTCTCTAC+AGGCTTAG,"1,449,750",78.33,31.62,,,
GSF2124-Lennon-Plate5-2-C-3-800,CGAGGCTG+AGGCTTAG,"2,950,551",77.98,31.54,,,
GSF2124-Lennon-Plate5-2-C-4-800,AAGAGGCA+AGGCTTAG,"3,328,847",78.51,31.65,,,
GSF2124-Lennon-Plate5-2-C-5-800,GTAGAGGA+AGGCTTAG,"837,809",78.83,31.71,,,
GSF2124-Lennon-Plate5-2-D-1-700,GGACTCCT+ATAGAGAG,"6,144,487",79.19,31.79,,,
GSF2124-Lennon-Plate5-2-D-1-800,TAGGCATG+ATTAGACG,"2,182,973",79.57,31.87,,,
GSF2124-Lennon-Plate5-2-D-2-700,TAGGCATG+ATAGAGAG,"7,258,882",79.55,31.87,,,
GSF2124-Lennon-Plate5-2-D-2-800,CTCTCTAC+ATTAGACG,"1,498,118",80.14,31.98,,,
GSF2124-Lennon-Plate5-2-D-3-700,CTCTCTAC+ATAGAGAG,"4,545,216",79,31.75,,,
GSF2124-Lennon-Plate5-2-D-3-800,CGAGGCTG+ATTAGACG,"2,656,491",78.5,31.65,,,
GSF2124-Lennon-Plate5-2-D-4-700,CGAGGCTG+ATAGAGAG,"4,745,085",79.87,31.94,,,
GSF2124-Lennon-Plate5-2-D-4-800,AAGAGGCA+ATTAGACG,"3,017,512",78.25,31.59,,,
GSF2124-Lennon-Plate5-2-D-5-700,AAGAGGCA+ATAGAGAG,"4,353,410",78.93,31.73,,,
GSF2124-Lennon-Plate5-2-D-5-800,GTAGAGGA+ATTAGACG,"2,588,006",78.78,31.7,,,
GSF2124-Lennon-Plate5-2-J-1-700,TCCTGAGC+AGAGGATA,"1,500,159",80.78,32.09,,,
GSF2124-Lennon-Plate5-2-J-4-700,GGACTCCT+AGAGGATA,"3,372,823",80.06,31.95,,,
GSF2124-Lennon-Plate5-2-J-5-700,TAGGCATG+AGAGGATA,"3,172,387",79.61,31.86,,,
GSF2124-Lennon-Plate5-2-P-1-700,TAAGGCGA+CTCCTTAC,"3,128,146",79.07,31.74,,,
GSF2124-Lennon-Plate5-2-P-2-700,CGTACTAG+CTCCTTAC,"2,933,920",79.27,31.79,,,
GSF2124-Lennon-Plate5-2-P-3-700,AGGCAGAA+CTCCTTAC,"2,760,591",78.53,31.62,,,
GSF2124-Lennon-Plate5-2-P-4-700,TCCTGAGC+CTCCTTAC,"2,320,017",79.39,31.82,,,
GSF2124-Lennon-Plate5-2-P-5-700,GGACTCCT+CTCCTTAC,"3,291,961",78.86,31.7,,,
GSF2124-Lennon-Plate5-2-S-1-700,TAGGCATG+CTCCTTAC,"2,093,829",79.79,31.81,,,
GSF2124-Lennon-Plate5-2-S-2-700,CTCTCTAC+CTCCTTAC,"2,036,980",77.8,31.5,,,
GSF2124-Lennon-Plate5-2-S-3-700,CGAGGCTG+CTCCTTAC,"2,376,198",77.46,31.44,,,
GSF2124-Lennon-Plate5-2-S-4-700,AAGAGGCA+CTCCTTAC,"3,144,721",78.85,31.7,,,
GSF2124-Lennon-Plate5-2-S-5-700,GTAGAGGA+CTCCTTAC,"3,685,562",79.18,31.76,,,
GSF2124-Lennon-Plate6-0-B-1-1000,TGCAGCTA+TAAGGCTC,"1,069,213",80.41,31.94,,,
GSF2124-Lennon-Plate6-0-B-1-900,TAGCGCTC+AGCTAGAA,"2,934,253",81.15,32.09,,,
GSF2124-Lennon-Plate6-0-B-2-1000,TCGACGTC+TAAGGCTC,"2,447,792",81.07,32.08,,,
GSF2124-Lennon-Plate6-0-B-3-1000,ACTCGCTA+TCGCATAA,"3,029,542",82,32.28,,,
GSF2124-Lennon-Plate6-0-B-3-900,ACTGAGCG+AGCTAGAA,"1,247,789",80.87,32.03,,,
GSF2124-Lennon-Plate6-0-B-4-1000,GGAGCTAC+TCGCATAA,"3,183,960",81.03,32.07,,,
GSF2124-Lennon-Plate6-0-B-4-900,CCTAAGAC+AGCTAGAA,"3,766,142",81.28,32.11,,,
GSF2124-Lennon-Plate6-0-B-5-1000,GCGTAGTA+TCGCATAA,"2,669,394",81.24,32.12,,,
GSF2124-Lennon-Plate6-0-B-5-900,CGATCAGT+AGCTAGAA,"2,010,258",81.26,32.11,,,
GSF2124-Lennon-Plate6-0-C-1-900,CCTAAGAC+ACTCTAGG,"2,133,692",78.04,31.55,,,
GSF2124-Lennon-Plate6-0-C-2-900,CGATCAGT+ACTCTAGG,"2,354,787",77.75,31.49,,,
GSF2124-Lennon-Plate6-0-C-3-900,TGCAGCTA+ACTCTAGG,"1,647,922",77.96,31.54,,,
GSF2124-Lennon-Plate6-0-C-4-900,TCGACGTC+ACTCTAGG,"2,673,777",77.96,31.53,,,
GSF2124-Lennon-Plate6-0-D-1-900,TACGCTGC+TCTTACGC,"3,783,039",77.33,31.41,,,
GSF2124-Lennon-Plate6-0-D-2-900,ATGCGCAG+TCTTACGC,"1,682,571",76.64,31.27,,,
GSF2124-Lennon-Plate6-0-D-3-900,TAGCGCTC+TCTTACGC,"1,975,715",78.48,31.62,,,
GSF2124-Lennon-Plate6-0-D-4-900,ACTGAGCG+TCTTACGC,"1,664,325",78.41,31.6,,,
GSF2124-Lennon-Plate6-0-D-5-900,CCTAAGAC+TCTTACGC,"2,487,105",77.51,31.44,,,
GSF2124-Lennon-Plate6-0-F-1-900,ACTGAGCG+CTTAATAG,"2,142,775",81.53,32.14,,,
GSF2124-Lennon-Plate6-0-F-2-900,CCTAAGAC+CTTAATAG,"3,556,729",81.83,32.2,,,
GSF2124-Lennon-Plate6-0-F-3-900,CGATCAGT+CTTAATAG,"2,700,534",81.76,32.19,,,
GSF2124-Lennon-Plate6-0-F-4-900,TGCAGCTA+CTTAATAG,"1,188,072",81.55,32.14,,,
GSF2124-Lennon-Plate6-0-F-5-900,TCGACGTC+CTTAATAG,"2,699,415",82.03,32.24,,,
GSF2124-Lennon-Plate6-0-J-1-900,GGAGCTAC+ATAGCCTT,"3,813,784",78.62,31.65,,,
GSF2124-Lennon-Plate6-0-J-2-900,GCGTAGTA+ATAGCCTT,"3,092,414",79.1,31.75,,,
GSF2124-Lennon-Plate6-0-J-3-900,CGGAGCCT+ATAGCCTT,"1,469,764",78.43,31.61,,,
GSF2124-Lennon-Plate6-0-J-4-900,TACGCTGC+ATAGCCTT,"4,981,610",78.57,31.64,,,
GSF2124-Lennon-Plate6-0-J-5-900,ATGCGCAG+ATAGCCTT,"1,138,927",78.92,31.71,,,
GSF2124-Lennon-Plate6-0-P-1-800,TACGCTGC+CTAGTCGA,"2,316,482",78.44,31.62,,,
GSF2124-Lennon-Plate6-0-P-1-900,TCGACGTC+ATAGCCTT,"1,157,311",79.02,31.72,,,
GSF2124-Lennon-Plate6-0-P-2-800,ATGCGCAG+CTAGTCGA,"1,892,758",78.52,31.63,,,
GSF2124-Lennon-Plate6-0-P-2-900,ACTCGCTA+TAAGGCTC,"3,822,516",79.07,31.74,,,
GSF2124-Lennon-Plate6-0-P-3-800,TAGCGCTC+CTAGTCGA,"1,640,825",79.1,31.76,,,
GSF2124-Lennon-Plate6-0-P-4-800,ACTGAGCG+CTAGTCGA,"1,561,273",79.07,31.75,,,
GSF2124-Lennon-Plate6-0-P-5-800,CCTAAGAC+CTAGTCGA,"2,141,551",79.12,31.76,,,
GSF2124-Lennon-Plate6-0-P-5-900,GGAGCTAC+TAAGGCTC,"3,124,126",78.57,31.64,,,
GSF2124-Lennon-Plate6-1-B-1-1000,CGGAGCCT+TCGCATAA,"2,199,579",80.69,32,,,
GSF2124-Lennon-Plate6-1-B-1-900,TGCAGCTA+AGCTAGAA,"1,128,741",80.99,32.06,,,
GSF2124-Lennon-Plate6-1-B-2-1000,TACGCTGC+TCGCATAA,"2,624,748",80.26,31.91,,,
GSF2124-Lennon-Plate6-1-B-2-900,TCGACGTC+AGCTAGAA,"1,726,704",81.36,32.14,,,
GSF2124-Lennon-Plate6-1-B-3-1000,ATGCGCAG+TCGCATAA,"2,113,212",80.48,31.96,,,
GSF2124-Lennon-Plate6-1-B-3-900,ACTCGCTA+ACTCTAGG,"1,843,206",81.47,32.16,,,
GSF2124-Lennon-Plate6-1-B-4-1000,TAGCGCTC+TCGCATAA,"2,839,545",80.96,32.06,,,
GSF2124-Lennon-Plate6-1-B-4-900,GGAGCTAC+ACTCTAGG,"1,856,574",80.93,32.05,,,
GSF2124-Lennon-Plate6-1-B-5-1000,ACTGAGCG+TCGCATAA,"1,373,131",79.62,31.86,,,
GSF2124-Lennon-Plate6-1-B-5-900,GCGTAGTA+ACTCTAGG,"1,863,049",81.4,32.15,,,
GSF2124-Lennon-Plate6-1-C-2-900,ACTCGCTA+TCTTACGC,"1,792,232",77.55,31.45,,,
GSF2124-Lennon-Plate6-1-C-3-900,GGAGCTAC+TCTTACGC,"2,005,086",77.28,31.39,,,
GSF2124-Lennon-Plate6-1-D-1-900,CGATCAGT+TCTTACGC,"2,463,936",77.73,31.49,,,
GSF2124-Lennon-Plate6-1-D-2-900,TGCAGCTA+TCTTACGC,"1,265,163",77.42,31.42,,,
GSF2124-Lennon-Plate6-1-D-3-900,TCGACGTC+TCTTACGC,"2,869,669",78.06,31.55,,,
GSF2124-Lennon-Plate6-1-D-4-900,ACTCGCTA+CTTAATAG,"2,969,477",78.08,31.56,,,
GSF2124-Lennon-Plate6-1-D-5-900,GGAGCTAC+CTTAATAG,"3,879,905",78.43,31.64,,,
GSF2124-Lennon-Plate6-1-F-4-900,ACTCGCTA+ATAGCCTT,"3,512,132",81.86,32.21,,,
GSF2124-Lennon-Plate6-1-J-1-800,ACTCGCTA+CTAGTCGA,"2,354,134",79.4,31.82,,,
GSF2124-Lennon-Plate6-1-J-1-900,TAGCGCTC+ATAGCCTT,"2,365,834",78.83,31.7,,,
GSF2124-Lennon-Plate6-1-J-5-900,ACTGAGCG+ATAGCCTT,"2,981,667",79.01,31.73,,,
GSF2124-Lennon-Plate6-1-P-1-800,CGATCAGT+CTAGTCGA,"2,065,281",79.65,31.87,,,
GSF2124-Lennon-Plate6-1-P-1-900,GCGTAGTA+TAAGGCTC,"2,632,113",78.91,31.71,,,
GSF2124-Lennon-Plate6-1-P-2-800,TGCAGCTA+CTAGTCGA,"1,627,361",79.47,31.83,,,
GSF2124-Lennon-Plate6-1-P-2-900,CGGAGCCT+TAAGGCTC,"2,486,587",78.53,31.63,,,
GSF2124-Lennon-Plate6-1-P-3-800,TCGACGTC+CTAGTCGA,"1,486,421",80.72,32.09,,,
GSF2124-Lennon-Plate6-1-P-3-900,TACGCTGC+TAAGGCTC,"3,593,643",78.04,31.53,,,
GSF2124-Lennon-Plate6-1-P-4-800,ACTCGCTA+AGCTAGAA,"2,135,664",79.25,31.78,,,
GSF2124-Lennon-Plate6-1-P-4-900,ATGCGCAG+TAAGGCTC,"1,529,345",78.36,31.59,,,
GSF2124-Lennon-Plate6-1-P-5-800,GGAGCTAC+AGCTAGAA,"1,474,422",79.09,31.75,,,
GSF2124-Lennon-Plate6-1-P-5-900,TAGCGCTC+TAAGGCTC,"3,469,886",78.7,31.67,,,
GSF2124-Lennon-Plate6-2-B-1-1000,CCTAAGAC+TCGCATAA,"1,235,844",81.13,32.1,,,
GSF2124-Lennon-Plate6-2-B-1-900,CGGAGCCT+ACTCTAGG,"1,528,445",81.13,32.09,,,
GSF2124-Lennon-Plate6-2-B-2-1000,CGATCAGT+TCGCATAA,"1,937,074",81.02,32.08,,,
GSF2124-Lennon-Plate6-2-B-2-900,TACGCTGC+ACTCTAGG,"3,092,946",80.64,31.99,,,
GSF2124-Lennon-Plate6-2-B-3-1000,TGCAGCTA+TCGCATAA,"1,185,967",80.99,32.07,,,
GSF2124-Lennon-Plate6-2-B-3-900,ATGCGCAG+ACTCTAGG,"1,212,980",80.8,32.02,,,
GSF2124-Lennon-Plate6-2-B-4-1000,TCGACGTC+TCGCATAA,"1,235,120",81.42,32.15,,,
GSF2124-Lennon-Plate6-2-B-4-900,TAGCGCTC+ACTCTAGG,"2,433,069",81.41,32.15,,,
GSF2124-Lennon-Plate6-2-B-5-900,ACTGAGCG+ACTCTAGG,"1,291,542",80.98,32.06,,,
GSF2124-Lennon-Plate6-2-C-1-900,GCGTAGTA+TCTTACGC,"2,335,898",77.34,31.44,,,
GSF2124-Lennon-Plate6-2-C-4-900,CGGAGCCT+TCTTACGC,"2,262,580",77.43,31.42,,,
GSF2124-Lennon-Plate6-2-D-1-900,GCGTAGTA+CTTAATAG,"1,199,391",79.94,31.95,,,
GSF2124-Lennon-Plate6-2-D-2-900,CGGAGCCT+CTTAATAG,"1,764,677",78.19,31.58,,,
GSF2124-Lennon-Plate6-2-D-3-900,TACGCTGC+CTTAATAG,"3,830,084",78.44,31.64,,,
GSF2124-Lennon-Plate6-2-D-4-900,ATGCGCAG+CTTAATAG,"2,257,133",78.63,31.68,,,
GSF2124-Lennon-Plate6-2-D-5-1000,TAGCGCTC+CTTAATAG,"3,293,412",78.33,31.61,,,
GSF2124-Lennon-Plate6-2-J-1-800,GGAGCTAC+CTAGTCGA,"2,220,899",80.19,31.99,,,
GSF2124-Lennon-Plate6-2-J-1-900,CCTAAGAC+ATAGCCTT,"2,579,463",79.01,31.73,,,
GSF2124-Lennon-Plate6-2-J-3-800,GCGTAGTA+CTAGTCGA,"3,551,579",79.5,31.84,,,
GSF2124-Lennon-Plate6-2-J-3-900,CGATCAGT+ATAGCCTT,"2,273,539",79.55,31.84,,,
GSF2124-Lennon-Plate6-2-J-4-800,CGGAGCCT+CTAGTCGA,"2,034,749",79.05,31.74,,,
GSF2124-Lennon-Plate6-2-J-4-900,TGCAGCTA+ATAGCCTT,"1,112,765",79.22,31.77,,,
GSF2124-Lennon-Plate6-2-J-5-800,GCGTAGTA+AGCTAGAA,"3,345,926",79.52,31.84,,,
GSF2124-Lennon-Plate6-2-P-2-800,CGGAGCCT+AGCTAGAA,"1,567,857",78.89,31.7,,,
GSF2124-Lennon-Plate6-2-P-2-900,ACTGAGCG+TAAGGCTC,"1,564,681",78.82,31.68,,,
GSF2124-Lennon-Plate6-2-P-3-800,TACGCTGC+AGCTAGAA,"1,716,590",78.94,31.72,,,
GSF2124-Lennon-Plate6-2-P-3-900,CCTAAGAC+TAAGGCTC,"1,850,307",78.57,31.64,,,
GSF2124-Lennon-Plate6-2-P-5-800,ATGCGCAG+AGCTAGAA,"1,292,420",78.57,31.64,,,
GSF2124-Lennon-Plate6-2-P-5-900,CGATCAGT+TAAGGCTC,"1,601,963",78.81,31.69,,,
Undetermined,unknown,"34,673,431",71.65,30.16,,,
,,,,,,,
,,,,,,,
,,,,,,,
,,,,,,,
,,,,,,,
,,,,,,,
,,,,,,,
,,,,,,,
,,,,,,,
,,,,,,,
,,,,,,,
,,,,,,,
,,,,,,,
,,,,,,,
,,,,,,,
,,,,,,,
,,,,,,,
,,,,,,,
,,,,,,,
,,,,,,,
,,,,,,,
,,,,,,,
,,,,,,,
,,,,,,,
,,,,,,,
,,,,,,,
,,,,,,,
,,,,,,,
,,,,,,,
,,,,,,,
,,,,,,,
,,,,,,,
,,,,,,,
,,,,,,,
,,,,,,,
,,,,,,,
,,,,,,,
,,,,,,,
,,,,,,,
,,,,,,,
,,,,,,,
,,,,,,,
,,,,,,,
,,,,,,,
,,,,,,,
,,,,,,,
,,,,,,,
,,,,,,,
,,,,,,,
,,,,,,,
,,,,,,,
,,,,,,,
,,,,,,,
,,,,,,,
,,,,,,,
,,,,,,,
,,,,,,,
,,,,,,,
,,,,,,,
,,,,,,,
,,,,,,,
,,,,,,,
,,,,,,,
,,,,,,,
,,,,,,,
,,,,,,,
,,,,,,,
,,,,,,,
,,,,,,,
,,,,,,,
,,,,,,,
,,,,,,,
,,,,,,,
,,,,,,,
,,,,,,,
,,,,,,,
,,,,,,,
,,,,,,,
,,,,,,,
,,,,,,,
,,,,,,,
,,,,,,,
,,,,,,,
,,,,,,,
,,,,,,,
,,,,,,,
,,,,,,,
,,,,,,,
,,,,,,,
,,,,,,,
,,,,,,,
,,,,,,,
,,,,,,,
,,,,,,,
,,,,,,,
,,,,,,,
,,,,,,,
,,,,,,,
,,,,,,,
,,,,,,,
,,,,,,,
,,,,,,,
,,,,,,,
,,,,,,,
,,,,,,,
,,,,,,,
,,,,,,,
,,,,,,,
,,,,,,,
,,,,,,,
,,,,,,,
,,,,,,,
,,,,,,,
,,,,,,,
,,,,,,,
,,,,,,,
,,,,,,,
,,,,,,,
,,,,,,,
,,,,,,,
,,,,,,,
,,,,,,,
,,,,,,,
,,,,,,,
,,,,,,,
,,,,,,,
,,,,,,,
,,,,,,,
,,,,,,,
,,,,,,,
,,,,,,,
,,,,,,,
,,,,,,,
,,,,,,,
,,,,,,,
,,,,,,,
,,,,,,,
,,,,,,,
,,,,,,,
,,,,,,,
,,,,,,,
,,,,,,,
,,,,,,,
,,,,,,,
,,,,,,,
,,,,,,,
,,,,,,,
,,,,,,,
,,,,,,,
,,,,,,,
,,,,,,,
,,,,,,,
,,,,,,,
,,,,,,,
,,,,,,,
,,,,,,,
,,,,,,,
,,,,,,,
,,,,,,,
,,,,,,,
,,,,,,,
,,,,,,,
,,,,,,,
,,,,,,,
,,,,,,,
,,,,,,,
,,,,,,,
,,,,,,,
,,,,,,,
,,,,,,,
,,,,,,,
,,,,,,,
,,,,,,,
,,,,,,,
,,,,,,,
,,,,,,,
,,,,,,,
,,,,,,,
,,,,,,,
,,,,,,,
,,,,,,,
,,,,,,,
,,,,,,,
,,,,,,,
,,,,,,,
,,,,,,,
,,,,,,,
,,,,,,,
,,,,,,,
,,,,,,,
,,,,,,,
,,,,,,,
,,,,,,,
,,,,,,,
,,,,,,,
,,,,,,,
,,,,,,,
,,,,,,,
,,,,,,,
,,,,,,,
,,,,,,,
,,,,,,,
,,,,,,,
,,,,,,,
,,,,,,,
,,,,,,,
,,,,,,,
,,,,,,,
,,,,,,,
,,,,,,,
,,,,,,,
,,,,,,,
,,,,,,,
,,,,,,,
,,,,,,,
,,,,,,,
,,,,,,,
,,,,,,,
,,,,,,,
,,,,,,,
,,,,,,,
,,,,,,,
,,,,,,,
,,,,,,,
,,,,,,,
,,,,,,,
,,,,,,,
,,,,,,,
,,,,,,,
,,,,,,,
,,,,,,,
,,,,,,,
,,,,,,,
,,,,,,,
,,,,,,,
,,,,,,,
,,,,,,,
,,,,,,,
,,,,,,,
,,,,,,,
,,,,,,,
,,,,,,,
,,,,,,,
,,,,,,,
,,,,,,,
,,,,,,,
,,,,,,,
,,,,,,,
,,,,,,,
,,,,,,,
,,,,,,,
,,,,,,,
,,,,,,,
,,,,,,,
,,,,,,,
,,,,,,,
,,,,,,,
,,,,,,,
,,,,,,,
,,,,,,,
,,,,,,,
,,,,,,,
,,,,,,,
,,,,,,,
,,,,,,,
,,,,,,,
,,,,,,,
,,,,,,,
,,,,,,,
,,,,,,,
,,,,,,,
,,,,,,,
,,,,,,,
,,,,,,,
,,,,,,,
,,,,,,,
,,,,,,,
,,,,,,,
,,,,,,,
,,,,,,,
,,,,,,,
,,,,,,,
,,,,,,,
,,,,,,,
,,,,,,,
,,,,,,,
,,,,,,,
,,,,,,,
,,,,,,,
,,,,,,,
,,,,,,,
,,,,,,,
,,,,,,,
,,,,,,,
,,,,,,,
,,,,,,,
,,,,,,,
,,,,,,,
,,,,,,,
,,,,,,,
,,,,,,,
,,,,,,,
,,,,,,,
,,,,,,,
,,,,,,,
,,,,,,,
,,,,,,,
,,,,,,,
,,,,,,,
,,,,,,,
,,,,,,,
,,,,,,,
,,,,,,,
,,,,,,,
,,,,,,,
,,,,,,,
,,,,,,,
,,,,,,,
,,,,,,,
,,,,,,,
,,,,,,,
,,,,,,,
,,,,,,,
,,,,,,,
,,,,,,,
,,,,,,,
,,,,,,,
,,,,,,,
,,,,,,,
,,,,,,,
,,,,,,,
,,,,,,,
,,,,,,,
,,,,,,,
,,,,,,,
,,,,,,,
,,,,,,,
,,,,,,,
,,,,,,,
,,,,,,,
,,,,,,,
,,,,,,,
,,,,,,,
,,,,,,,
,,,,,,,
,,,,,,,
,,,,,,,
,,,,,,,
,,,,,,,
,,,,,,,
,,,,,,,
,,,,,,,
,,,,,,,
,,,,,,,
,,,,,,,
,,,,,,,
,,,,,,,
,,,,,,,
,,,,,,,
,,,,,,,
,,,,,,,
,,,,,,,
,,,,,,,
,,,,,,,
,,,,,,,
,,,,,,,
,,,,,,,
,,,,,,,
,,,,,,,
,,,,,,,
,,,,,,,
,,,,,,,
,,,,,,,
,,,,,,,
,,,,,,,
,,,,,,,
,,,,,,,
,,,,,,,
,,,,,,,
,,,,,,,
,,,,,,,
,,,,,,,
,,,,,,,
,,,,,,,
,,,,,,,
,,,,,,,
,,,,,,,
,,,,,,,
,,,,,,,
,,,,,,,
,,,,,,,
,,,,,,,
,,,,,,,
,,,,,,,
,,,,,,,
,,,,,,,
,,,,,,,
,,,,,,,
,,,,,,,
,,,,,,,
,,,,,,,
,,,,,,,
,,,,,,,
,,,,,,,
,,,,,,,
,,,,,,,
,,,,,,,
,,,,,,,
,,,,,,,
,,,,,,,
,,,,,,,
,,,,,,,
,,,,,,,
,,,,,,,
,,,,,,,
,,,,,,,
,,,,,,,
,,,,,,,
,,,,,,,
,,,,,,,
,,,,,,,
,,,,,,,
,,,,,,,
,,,,,,,
,,,,,,,
,,,,,,,
,,,,,,,
,,,,,,,
,,,,,,,
,,,,,,,
,,,,,,,
,,,,,,,
,,,,,,,
,,,,,,,
,,,,,,,
,,,,,,,
,,,,,,,
,,,,,,,
,,,,,,,
,,,,,,,
,,,,,,,
,,,,,,,
,,,,,,,
,,,,,,,
,,,,,,,
,,,,,,,
,,,,,,,
,,,,,,,
,,,,,,,
,,,,,,,
,,,,,,,
,,,,,,,
,,,,,,,
,,,,,,,
,,,,,,,
,,,,,,,
,,,,,,,
,,,,,,,
,,,,,,,
,,,,,,,
,,,,,,,
,,,,,,,
,,,,,,,
,,,,,,,
,,,,,,,
,,,,,,,
,,,,,,,
,,,,,,,
,,,,,,,
,,,,,,,
,,,,,,,
,,,,,,,
,,,,,,,
,,,,,,,
,,,,,,,
,,,,,,,
,,,,,,,
,,,,,,,
,,,,,,,
,,,,,,,
,,,,,,,
,,,,,,,
,,,,,,,
,,,,,,,
,,,,,,,
,,,,,,,
,,,,,,,
,,,,,,,
,,,,,,,
,,,,,,,
,,,,,,,
,,,,,,,
,,,,,,,
,,,,,,,
,,,,,,,
,,,,,,,
,,,,,,,
,,,,,,,
,,,,,,,
,,,,,,,
,,,,,,,
,,,,,,,
,,,,,,,
,,,,,,,
,,,,,,,
,,,,,,,
,,,,,,,
,,,,,,,
,,,,,,,
,,,,,,,
,,,,,,,
,,,,,,,
,,,,,,,
,,,,,,,
,,,,,,,
,,,,,,,
,,,,,,,
,,,,,,,
,,,,,,,
,,,,,,,
,,,,,,,
,,,,,,,
,,,,,,,
,,,,,,,
,,,,,,,
,,,,,,,
,,,,,,,
,,,,,,,
,,,,,,,
,,,,,,,
,,,,,,,
,,,,,,,
,,,,,,,
,,,,,,,
,,,,,,,
,,,,,,,
,,,,,,,
,,,,,,,
,,,,,,,
,,,,,,,
,,,,,,,
,,,,,,,
,,,,,,,
,,,,,,,
,,,,,,,
,,,,,,,
,,,,,,,
,,,,,,,
,,,,,,,
,,,,,,,
,,,,,,,
,,,,,,,
,,,,,,,
,,,,,,,
,,,,,,,
,,,,,,,
,,,,,,,
,,,,,,,
,,,,,,,
,,,,,,,
,,,,,,,
,,,,,,,
,,,,,,,
,,,,,,,
,,,,,,,
,,,,,,,
,,,,,,,
,,,,,,,
,,,,,,,
,,,,,,,
,,,,,,,
,,,,,,,
,,,,,,,
,,,,,,,
,,,,,,,
,,,,,,,
,,,,,,,
,,,,,,,
,,,,,,,
,,,,,,,
,,,,,,,
,,,,,,,
,,,,,,,
,,,,,,,
,,,,,,,
,,,,,,,
,,,,,,,
,,,,,,,
,,,,,,,
,,,,,,,
,,,,,,,
,,,,,,,
,,,,,,,
,,,,,,,