Lane Summary,,,,,,,,,,,
"GSF2124 Lennon Plates 5-6, Run 3",,,,,,,,,,,
Lane,Project,Sample,Barcode sequence,PF Clusters,% of the,% Perfect,% One mismatch,Yield (Mbases),% PF,% >= Q30,Mean Quality
,,,,,lane,barcode,barcode,,Clusters,bases,Score
1,default,GSF2124-Lennon-Plate_3_0-A-1-500,AAGAGGCA+CTCCTTAC,"674,645",0.15,90.68,9.32,50,100,78.39,31.49
1,default,GSF2124-Lennon-Plate_3_0-A-1-600,TCCTGAGC+CGGAGAGA,"1,588,011",0.35,89.48,10.52,119,100,79.74,31.77
1,default,GSF2124-Lennon-Plate_3_0-A-2-500,GTAGAGGA+CTCCTTAC,"1,483,744",0.32,89.31,10.69,110,100,78.01,31.4
1,default,GSF2124-Lennon-Plate_3_0-A-2-600,GGACTCCT+CGGAGAGA,"1,194,380",0.26,88.98,11.02,89,100,79.6,31.74
1,default,GSF2124-Lennon-Plate_3_0-A-3-500,GCTCATGA+CTCCTTAC,"2,019,434",0.44,90.08,9.92,150,100,78.84,31.58
1,default,GSF2124-Lennon-Plate_3_0-A-3-600,TAGGCATG+CGGAGAGA,"727,396",0.16,90.91,9.09,54,100,79.04,31.63
1,default,GSF2124-Lennon-Plate_3_0-A-4-500,ATCTCAGG+CTCCTTAC,"1,012,735",0.22,90.9,9.1,75,100,79.72,31.76
1,default,GSF2124-Lennon-Plate_3_0-A-4-600,CTCTCTAC+CGGAGAGA,"2,967,134",0.65,90.35,9.65,221,100,79.41,31.7
1,default,GSF2124-Lennon-Plate_3_0-A-5-500,TAAGGCGA+TATGCAGT,"2,444,847",0.54,90.36,9.64,182,100,78.6,31.52
1,default,GSF2124-Lennon-Plate_3_0-A-5-600,CGAGGCTG+CGGAGAGA,"1,116,634",0.25,90.63,9.37,83,100,79.6,31.74
1,default,GSF2124-Lennon-Plate_3_0-D-3-500,GTAGAGGA+TACTCCTT,"1,628,983",0.36,88.33,11.67,121,100,78.2,31.43
1,default,GSF2124-Lennon-Plate_3_0-D-4-500,GCTCATGA+TACTCCTT,"2,094,947",0.46,88.82,11.18,155,100,78.74,31.54
1,default,GSF2124-Lennon-Plate_3_0-D-5-500,ATCTCAGG+TACTCCTT,"2,469,317",0.54,89.31,10.69,182,100,78.72,31.54
1,default,GSF2124-Lennon-Plate_3_1-A-1-500,CGTACTAG+TATGCAGT,"995,801",0.22,91.94,8.06,74,100,79.72,31.76
1,default,GSF2124-Lennon-Plate_3_1-A-1-600,AAGAGGCA+CGGAGAGA,"1,032,791",0.23,90.35,9.65,77,100,79.46,31.71
1,default,GSF2124-Lennon-Plate_3_1-A-2-500,AGGCAGAA+TATGCAGT,"1,986,248",0.43,90.22,9.78,147,100,77.49,31.28
1,default,GSF2124-Lennon-Plate_3_1-A-2-600,GTAGAGGA+CGGAGAGA,"1,252,478",0.28,90.27,9.73,96,100,79.26,31.68
1,default,GSF2124-Lennon-Plate_3_1-A-3-400,TAAGGCGA+ATAGAGAG,"1,348,233",0.29,91.07,8.93,100,100,80.06,31.83
1,default,GSF2124-Lennon-Plate_3_1-A-3-500,TCCTGAGC+TATGCAGT,"4,307,649",0.95,89.84,10.16,322,100,79.27,31.66
1,default,GSF2124-Lennon-Plate_3_1-A-3-600,GCTCATGA+CGGAGAGA,"2,473,921",0.54,89.97,10.03,184,100,79.41,31.7
1,default,GSF2124-Lennon-Plate_3_1-A-4-400,CGTACTAG+ATAGAGAG,"3,027,808",0.66,90.84,9.16,225,100,79.04,31.62
1,default,GSF2124-Lennon-Plate_3_1-A-4-500,GGACTCCT+TATGCAGT,"1,603,599",0.35,88.36,11.64,119,100,78.43,31.49
1,default,GSF2124-Lennon-Plate_3_1-A-4-600,ATCTCAGG+CGGAGAGA,"810,205",0.18,90.46,9.54,60,100,79.84,31.79
1,default,GSF2124-Lennon-Plate_3_1-A-5-400,AGGCAGAA+ATAGAGAG,"3,210,947",0.7,90.39,9.61,237,100,78.46,31.48
1,default,GSF2124-Lennon-Plate_3_1-A-5-500,TAGGCATG+TATGCAGT,"1,781,198",0.39,91.6,8.4,132,100,78.15,31.44
1,default,GSF2124-Lennon-Plate_3_1-B-1-500,ATCTCAGG+TATGCAGT,"1,027,984",0.22,89.26,10.74,76,100,79.66,31.66
1,default,GSF2124-Lennon-Plate_3_1-B-2-500,TAAGGCGA+TACTCCTT,"2,184,542",0.47,89.05,10.95,161,100,80.08,31.75
1,default,GSF2124-Lennon-Plate_3_1-B-3-500,CGTACTAG+TACTCCTT,"3,342,084",0.73,90.36,9.64,249,100,81.67,32.07
1,default,GSF2124-Lennon-Plate_3_1-B-4-500,AGGCAGAA+TACTCCTT,"2,008,536",0.44,89.09,10.91,149,100,79.53,31.64
1,default,GSF2124-Lennon-Plate_3_1-B-5-500,TCCTGAGC+TACTCCTT,"344,730",0.09,82.51,17.49,30,100,75.81,30.89
1,default,GSF2124-Lennon-Plate_3_1-C-1-500,GGACTCCT+TACTCCTT,"766,618",0.17,88.63,11.37,57,100,78.98,31.61
1,default,GSF2124-Lennon-Plate_3_1-C-4-500,TAGGCATG+TACTCCTT,"2,229,973",0.49,90.65,9.35,165,100,78.4,31.48
1,default,GSF2124-Lennon-Plate_3_1-C-5-500,CTCTCTAC+TACTCCTT,"573,980",0.13,91.06,8.94,42,100,80.1,31.83
1,default,GSF2124-Lennon-Plate_3_1-D-1-500,TAAGGCGA+AGGCTTAG,"2,614,680",0.58,90.49,9.51,198,100,78.47,31.49
1,default,GSF2124-Lennon-Plate_3_1-D-2-500,CGTACTAG+AGGCTTAG,"832,141",0.18,90.96,9.04,62,100,78.81,31.56
1,default,GSF2124-Lennon-Plate_3_1-D-3-500,AGGCAGAA+AGGCTTAG,"2,100,112",0.46,90.39,9.61,155,100,78.16,31.42
1,default,GSF2124-Lennon-Plate_3_1-D-4-500,TCCTGAGC+AGGCTTAG,"2,915,275",0.64,89.27,10.73,218,100,78.89,31.58
1,default,GSF2124-Lennon-Plate_3_1-D-5-500,GGACTCCT+AGGCTTAG,"2,252,124",0.49,88.52,11.48,167,100,78.84,31.57
1,default,GSF2124-Lennon-Plate_3_1-F-1-400,CGTACTAG+AGAGGATA,"1,230,610",0.27,90.01,9.99,91,100,80.82,31.88
1,default,GSF2124-Lennon-Plate_3_1-F-2-400,AGGCAGAA+AGAGGATA,"1,334,340",0.29,90.03,9.97,99,100,80.21,31.75
1,default,GSF2124-Lennon-Plate_3_1-F-2-500,TAGGCATG+AGGCTTAG,"4,454,993",0.98,91.32,8.68,332,100,81.18,31.95
1,default,GSF2124-Lennon-Plate_3_1-F-3-400,TCCTGAGC+AGAGGATA,"1,080,774",0.24,88.45,11.55,81,100,80.77,31.86
1,default,GSF2124-Lennon-Plate_3_1-F-3-500,CTCTCTAC+AGGCTTAG,"4,206,230",0.92,90.61,9.39,313,100,82.02,32.13
1,default,GSF2124-Lennon-Plate_3_1-F-4-500,CGAGGCTG+AGGCTTAG,"2,395,730",0.52,90.35,9.65,178,100,80.78,31.87
1,default,GSF2124-Lennon-Plate_3_1-F-5-400,GGACTCCT+AGAGGATA,"2,646,274",0.58,88.87,11.13,196,100,81.61,32.04
1,default,GSF2124-Lennon-Plate_3_1-F-5-500,AAGAGGCA+AGGCTTAG,"1,552,725",0.34,90.29,9.71,115,100,80.04,31.74
1,default,GSF2124-Lennon-Plate_3_1-J-1-500,ATCTCAGG+AGGCTTAG,"1,066,562",0.23,91.4,8.6,79,100,81.14,32.03
1,default,GSF2124-Lennon-Plate_3_1-J-2-400,CGAGGCTG+AGAGGATA,"2,363,129",0.51,90.45,9.55,175,100,79.57,31.7
1,default,GSF2124-Lennon-Plate_3_1-J-2-500,TAAGGCGA+ATTAGACG,"2,805,266",0.61,89.09,10.91,208,100,81.4,32.08
1,default,GSF2124-Lennon-Plate_3_1-J-3-400,AAGAGGCA+AGAGGATA,"710,088",0.16,90.35,9.65,53,100,79.29,31.65
1,default,GSF2124-Lennon-Plate_3_1-J-4-400,GTAGAGGA+AGAGGATA,"805,746",0.18,91.3,8.7,60,100,81.25,32.06
1,default,GSF2124-Lennon-Plate_3_1-J-4-500,CGTACTAG+ATTAGACG,"3,134,492",0.68,88.71,11.29,232,100,80.94,31.93
1,default,GSF2124-Lennon-Plate_3_1-J-5-500,AGGCAGAA+ATTAGACG,"3,746,224",0.82,88.64,11.36,277,100,80.25,31.84
1,default,GSF2124-Lennon-Plate_3_1-P-5-500,TAGGCATG+ATTAGACG,"3,777,279",0.82,89.19,10.81,279,100,79.98,31.79
1,default,GSF2124-Lennon-Plate_3_1-S-1-500,GCTCATGA+ATTAGACG,"923,366",0.2,87.89,12.11,68,100,81,31.94
1,default,GSF2124-Lennon-Plate_3_1-S-2-500,ATCTCAGG+ATTAGACG,"2,947,421",0.63,87.39,12.61,216,100,80.45,31.82
1,default,GSF2124-Lennon-Plate_3_1-S-3-500,TAAGGCGA+CGGAGAGA,"3,012,284",0.66,88.94,11.06,225,100,80.19,31.77
1,default,GSF2124-Lennon-Plate_3_1-S-4-500,CGTACTAG+CGGAGAGA,"1,094,260",0.24,88.93,11.07,82,100,79.85,31.7
1,default,GSF2124-Lennon-Plate_3_1-S-5-500,AGGCAGAA+CGGAGAGA,"1,040,874",0.23,89.2,10.8,78,100,80.01,31.73
1,default,GSF2124-Lennon-Plate_3_2-A-1-400,TCCTGAGC+ATAGAGAG,"1,054,861",0.23,88.88,11.12,79,100,78.82,31.57
1,default,GSF2124-Lennon-Plate_3_2-A-1-500,CTCTCTAC+TATGCAGT,"796,258",0.17,90.53,9.47,59,100,78.14,31.43
1,default,GSF2124-Lennon-Plate_3_2-A-2-400,GGACTCCT+ATAGAGAG,"2,815,042",0.61,88.41,11.59,209,100,79.03,31.62
1,default,GSF2124-Lennon-Plate_3_2-A-2-500,CGAGGCTG+TATGCAGT,"2,510,707",0.55,90.75,9.25,187,100,78.37,31.48
1,default,GSF2124-Lennon-Plate_3_2-A-3-400,TAGGCATG+ATAGAGAG,"790,358",0.17,90.98,9.02,58,100,78.31,31.47
1,default,GSF2124-Lennon-Plate_3_2-A-3-500,AAGAGGCA+TATGCAGT,"4,008,735",0.88,90.52,9.48,298,100,78.24,31.45
1,default,GSF2124-Lennon-Plate_3_2-A-4-400,CTCTCTAC+ATAGAGAG,"1,202,192",0.26,90.33,9.67,89,100,78.67,31.54
1,default,GSF2124-Lennon-Plate_3_2-A-4-500,GTAGAGGA+TATGCAGT,"1,248,869",0.27,90.17,9.83,93,100,78.79,31.56
1,default,GSF2124-Lennon-Plate_3_2-A-5-400,CGAGGCTG+ATAGAGAG,"1,069,812",0.23,90.45,9.55,79,100,78.71,31.55
1,default,GSF2124-Lennon-Plate_3_2-A-5-500,GCTCATGA+TATGCAGT,"785,024",0.17,89.89,10.11,58,100,78.11,31.42
1,default,GSF2124-Lennon-Plate_3_2-B-1-400,AAGAGGCA+ATAGAGAG,"672,710",0.15,92.33,7.67,50,100,83.26,32.42
1,default,GSF2124-Lennon-Plate_3_2-B-2-400,GTAGAGGA+ATAGAGAG,"4,245,444",0.92,90.51,9.49,313,100,81.71,32.09
1,default,GSF2124-Lennon-Plate_3_2-B-3-400,GCTCATGA+ATAGAGAG,"2,658,394",0.58,91.7,8.3,197,100,83.37,32.43
1,default,GSF2124-Lennon-Plate_3_2-B-4-400,ATCTCAGG+ATAGAGAG,"3,328,097",0.72,91.23,8.77,246,100,82.67,32.28
1,default,GSF2124-Lennon-Plate_3_2-B-5-400,TAAGGCGA+AGAGGATA,"7,042,971",1.54,91.48,8.52,524,100,82.83,32.32
1,default,GSF2124-Lennon-Plate_3_2-C-3-500,CGAGGCTG+TACTCCTT,"3,627,656",0.8,90.51,9.49,271,100,79.51,31.71
1,default,GSF2124-Lennon-Plate_3_2-C-5-500,AAGAGGCA+TACTCCTT,"848,676",0.19,89.62,10.38,63,100,78.52,31.5
1,default,GSF2124-Lennon-Plate_3_2-F-4-400,TAGGCATG+AGAGGATA,"2,562,219",0.56,90.38,9.62,190,100,80.55,31.82
1,default,GSF2124-Lennon-Plate_3_2-F-4-500,GTAGAGGA+AGGCTTAG,"2,092,708",0.46,89.45,10.55,155,100,79.49,31.64
1,default,GSF2124-Lennon-Plate_3_2-F-5-400,CTCTCTAC+AGAGGATA,"3,091,040",0.68,90.85,9.15,230,100,83.12,32.35
1,default,GSF2124-Lennon-Plate_3_2-F-5-500,GCTCATGA+AGGCTTAG,"2,997,990",0.66,89.79,10.21,222,100,80.6,31.83
1,default,GSF2124-Lennon-Plate_3_2-J-1-400,GCTCATGA+AGAGGATA,"2,588,127",0.56,90.11,9.89,192,100,79.97,31.79
1,default,GSF2124-Lennon-Plate_3_2-J-2-400,ATCTCAGG+AGAGGATA,"839,104",0.18,91.96,8.04,63,100,82.48,32.3
1,default,GSF2124-Lennon-Plate_3_2-J-3-400,TAAGGCGA+CTCCTTAC,"2,507,894",0.55,89.46,10.54,186,100,79.16,31.62
1,default,GSF2124-Lennon-Plate_3_2-J-3-500,TCCTGAGC+ATTAGACG,"4,488,391",0.98,87.65,12.35,333,100,80.92,31.98
1,default,GSF2124-Lennon-Plate_3_2-J-4-400,CGTACTAG+CTCCTTAC,"720,731",0.16,91.24,8.76,54,100,80.7,31.94
1,default,GSF2124-Lennon-Plate_3_2-J-5-400,AGGCAGAA+CTCCTTAC,"870,864",0.19,91.02,8.98,65,100,80.01,31.79
1,default,GSF2124-Lennon-Plate_3_2-J-5-500,GGACTCCT+ATTAGACG,"4,544,934",0.99,87.21,12.79,337,100,81.15,32.03
1,default,GSF2124-Lennon-Plate_3_2-P-2-500,CTCTCTAC+ATTAGACG,"3,258,690",0.7,87.48,12.52,239,100,79.26,31.64
1,default,GSF2124-Lennon-Plate_3_2-P-3-500,CGAGGCTG+ATTAGACG,"1,314,759",0.29,87.97,12.03,97,100,79.65,31.72
1,default,GSF2124-Lennon-Plate_3_2-P-4-500,AAGAGGCA+ATTAGACG,"780,753",0.17,86.59,13.41,57,100,78.37,31.46
1,default,GSF2124-Lennon-Plate_3_2-P-5-500,GTAGAGGA+ATTAGACG,"942,918",0.2,86,14,69,100,78.5,31.48
1,default,GSF2124-Lennon-Plate_3_2-S-1-400,TCCTGAGC+CTCCTTAC,"920,351",0.21,88.07,11.93,71,100,79.73,31.67
1,default,GSF2124-Lennon-Plate_3_2-S-2-400,GGACTCCT+CTCCTTAC,"1,240,487",0.27,87.48,12.52,91,100,79.52,31.63
1,default,GSF2124-Lennon-Plate_3_2-S-3-400,TAGGCATG+CTCCTTAC,"2,529,879",0.55,89.83,10.17,187,100,79.31,31.59
1,default,GSF2124-Lennon-Plate_3_2-S-4-400,CTCTCTAC+CTCCTTAC,"1,212,099",0.26,88.73,11.27,89,100,79.5,31.63
1,default,GSF2124-Lennon-Plate_3_2-S-5-400,CGAGGCTG+CTCCTTAC,"446,817",0.1,88.51,11.49,33,100,78.85,31.5
1,default,GSF2124-Lennon-Plate_4_0-A-1-700,GGAGCTAC+ATAGCCTT,"2,114,269",0.47,90.67,9.33,158,100,79.44,31.7
1,default,GSF2124-Lennon-Plate_4_0-A-2-700,GCGTAGTA+ATAGCCTT,"1,778,071",0.39,91.28,8.72,132,100,78.72,31.55
1,default,GSF2124-Lennon-Plate_4_0-A-3-700,CGGAGCCT+ATAGCCTT,"1,708,643",0.38,89.7,10.3,128,100,78.58,31.52
1,default,GSF2124-Lennon-Plate_4_0-A-4-700,TACGCTGC+ATAGCCTT,"2,556,256",0.57,90.34,9.66,192,100,78.29,31.46
1,default,GSF2124-Lennon-Plate_4_0-A-5-700,ATGCGCAG+ATAGCCTT,"4,529,045",0.99,91.47,8.53,336,100,79.15,31.64
1,default,GSF2124-Lennon-Plate_4_1-A-1-700,TAGCGCTC+ATAGCCTT,"2,922,213",0.64,90.48,9.52,218,100,78.8,31.57
1,default,GSF2124-Lennon-Plate_4_1-A-2-700,ACTGAGCG+ATAGCCTT,"2,481,893",0.54,88.2,11.8,184,100,79.2,31.65
1,default,GSF2124-Lennon-Plate_4_1-A-3-700,CCTAAGAC+ATAGCCTT,"2,608,009",0.57,88.92,11.08,194,100,78.97,31.6
1,default,GSF2124-Lennon-Plate_4_1-A-4-700,CGATCAGT+ATAGCCTT,"1,581,766",0.35,90.3,9.7,117,100,78.81,31.57
1,default,GSF2124-Lennon-Plate_4_1-A-5-600,ACTCGCTA+CTAGTCGA,"4,852,849",1.06,91.3,8.7,360,100,79.18,31.66
1,default,GSF2124-Lennon-Plate_4_1-A-5-700,TGCAGCTA+ATAGCCTT,"2,394,644",0.52,90.57,9.43,178,100,78.79,31.57
1,default,GSF2124-Lennon-Plate_4_1-B-1-600,TAGCGCTC+CTAGTCGA,"2,017,941",0.44,89.85,10.15,149,100,80.56,31.85
1,default,GSF2124-Lennon-Plate_4_1-B-1-700,TACGCTGC+TAAGGCTC,"1,338,520",0.29,89.25,10.75,100,100,79.44,31.62
1,default,GSF2124-Lennon-Plate_4_1-B-2-600,ACTGAGCG+CTAGTCGA,"1,555,875",0.34,88.39,11.61,115,100,80.6,31.86
1,default,GSF2124-Lennon-Plate_4_1-B-2-700,ATGCGCAG+TAAGGCTC,"3,100,309",0.67,90.01,9.99,229,100,79.98,31.73
1,default,GSF2124-Lennon-Plate_4_1-B-3-600,CCTAAGAC+CTAGTCGA,"2,952,250",0.64,88.92,11.08,218,100,80.71,31.88
1,default,GSF2124-Lennon-Plate_4_1-B-3-700,TAGCGCTC+TAAGGCTC,"1,933,626",0.42,89.29,10.71,142,100,79.76,31.69
1,default,GSF2124-Lennon-Plate_4_1-B-4-600,CGATCAGT+CTAGTCGA,"2,181,329",0.47,89.85,10.15,161,100,80.44,31.83
1,default,GSF2124-Lennon-Plate_4_1-B-4-700,ACTGAGCG+TAAGGCTC,"3,162,020",0.69,87.85,12.15,233,100,80.01,31.74
1,default,GSF2124-Lennon-Plate_4_1-B-5-600,TGCAGCTA+CTAGTCGA,"2,457,951",0.54,89.82,10.18,182,100,79.98,31.73
1,default,GSF2124-Lennon-Plate_4_1-B-5-700,CCTAAGAC+TAAGGCTC,"1,921,225",0.42,88.54,11.46,142,100,80.16,31.77
1,default,GSF2124-Lennon-Plate_4_1-C-1-600,TACGCTGC+AGCTAGAA,"2,285,289",0.51,90.6,9.4,172,100,79.01,31.61
1,default,GSF2124-Lennon-Plate_4_1-C-2-600,ATGCGCAG+AGCTAGAA,"1,425,978",0.31,92.02,7.98,106,100,79.72,31.76
1,default,GSF2124-Lennon-Plate_4_1-C-2-700,GCGTAGTA+TCGCATAA,"2,836,187",0.62,92.4,7.6,211,100,79.29,31.67
1,default,GSF2124-Lennon-Plate_4_1-C-3-600,TAGCGCTC+AGCTAGAA,"2,496,638",0.55,91.34,8.66,186,100,79.77,31.77
1,default,GSF2124-Lennon-Plate_4_1-C-3-700,CGGAGCCT+TCGCATAA,"1,486,806",0.33,91.34,8.66,111,100,80.22,31.86
1,default,GSF2124-Lennon-Plate_4_1-C-4-600,ACTGAGCG+AGCTAGAA,"1,539,020",0.34,89.36,10.64,115,100,80.32,31.88
1,default,GSF2124-Lennon-Plate_4_1-C-4-700,TACGCTGC+TCGCATAA,"3,124,832",0.69,91.34,8.66,234,100,78.94,31.6
1,default,GSF2124-Lennon-Plate_4_1-C-5-600,CCTAAGAC+AGCTAGAA,"1,638,272",0.36,89.66,10.34,122,100,79.61,31.73
1,default,GSF2124-Lennon-Plate_4_1-C-5-700,ATGCGCAG+TCGCATAA,"2,718,087",0.59,92.09,7.91,202,100,79.27,31.67
1,default,GSF2124-Lennon-Plate_4_1-D-1-600,GGAGCTAC+ACTCTAGG,"3,714,375",0.81,88.95,11.05,276,100,79.41,31.69
1,default,GSF2124-Lennon-Plate_4_1-D-1-700,TCGACGTC+TCGCATAA,"3,488,487",0.76,91.54,8.46,259,100,79.84,31.78
1,default,GSF2124-Lennon-Plate_4_1-D-3-600,GCGTAGTA+ACTCTAGG,"1,838,163",0.4,90.24,9.76,136,100,79.39,31.68
1,default,GSF2124-Lennon-Plate_4_1-D-4-600,CGGAGCCT+ACTCTAGG,"1,720,516",0.38,88.25,11.75,128,100,79.35,31.68
1,default,GSF2124-Lennon-Plate_4_1-D-5-600,TACGCTGC+ACTCTAGG,"2,315,487",0.51,89.45,10.55,172,100,79.2,31.64
1,default,GSF2124-Lennon-Plate_4_1-F-1-600,TGCAGCTA+ACTCTAGG,"2,127,131",0.46,89.05,10.95,157,100,81.12,31.94
1,default,GSF2124-Lennon-Plate_4_1-F-2-600,TCGACGTC+ACTCTAGG,"2,638,124",0.58,89.61,10.39,196,100,81.73,32.07
1,default,GSF2124-Lennon-Plate_4_1-F-3-600,ACTCGCTA+TCTTACGC,"2,936,249",0.64,89.22,10.78,218,100,80.64,31.84
1,default,GSF2124-Lennon-Plate_4_1-F-5-600,GGAGCTAC+TCTTACGC,"1,610,749",0.35,88.5,11.5,120,100,80.29,31.77
1,default,GSF2124-Lennon-Plate_4_1-J-1-600,GCGTAGTA+TCTTACGC,"1,881,390",0.43,90.85,9.15,146,100,79.31,31.67
1,default,GSF2124-Lennon-Plate_4_1-J-2-600,CGGAGCCT+TCTTACGC,"1,583,729",0.35,89.34,10.66,118,100,80.69,31.94
1,default,GSF2124-Lennon-Plate_4_1-J-5-600,TACGCTGC+TCTTACGC,"1,725,798",0.38,89.98,10.02,129,100,79.75,31.74
1,default,GSF2124-Lennon-Plate_4_1-P-1-600,TGCAGCTA+TCTTACGC,"1,675,122",0.36,89.24,10.76,124,100,79.02,31.59
1,default,GSF2124-Lennon-Plate_4_1-P-2-600,TCGACGTC+TCTTACGC,"1,543,548",0.34,89.88,10.12,114,100,79.72,31.74
1,default,GSF2124-Lennon-Plate_4_1-P-3-600,ACTCGCTA+CTTAATAG,"1,673,039",0.37,91.45,8.55,124,100,80.1,31.82
1,default,GSF2124-Lennon-Plate_4_1-P-4-600,GGAGCTAC+CTTAATAG,"1,578,576",0.34,91.07,8.93,117,100,79.96,31.79
1,default,GSF2124-Lennon-Plate_4_1-P-5-600,GCGTAGTA+CTTAATAG,"1,765,926",0.38,92.07,7.93,130,100,79.61,31.71
1,default,GSF2124-Lennon-Plate_4_2-A-1-600,GGAGCTAC+CTAGTCGA,"1,591,564",0.35,90.82,9.18,118,100,78.9,31.6
1,default,GSF2124-Lennon-Plate_4_2-A-1-700,TCGACGTC+ATAGCCTT,"2,975,460",0.65,90.86,9.14,221,100,79.26,31.66
1,default,GSF2124-Lennon-Plate_4_2-A-2-600,GCGTAGTA+CTAGTCGA,"2,187,544",0.48,92.04,7.96,162,100,79.35,31.69
1,default,GSF2124-Lennon-Plate_4_2-A-2-700,ACTCGCTA+TAAGGCTC,"2,359,971",0.52,90.63,9.37,175,100,78.8,31.57
1,default,GSF2124-Lennon-Plate_4_2-A-3-600,CGGAGCCT+CTAGTCGA,"2,510,583",0.55,90.35,9.65,187,100,78.83,31.59
1,default,GSF2124-Lennon-Plate_4_2-A-3-700,GGAGCTAC+TAAGGCTC,"2,045,175",0.45,90.49,9.51,152,100,78.7,31.55
1,default,GSF2124-Lennon-Plate_4_2-A-4-600,TACGCTGC+CTAGTCGA,"3,035,759",0.67,90.64,9.36,227,100,77.97,31.41
1,default,GSF2124-Lennon-Plate_4_2-A-4-700,GCGTAGTA+TAAGGCTC,"2,856,438",0.62,91.59,8.41,211,100,78.84,31.58
1,default,GSF2124-Lennon-Plate_4_2-A-5-600,ATGCGCAG+CTAGTCGA,"2,910,014",0.63,91.87,8.13,215,100,79.19,31.66
1,default,GSF2124-Lennon-Plate_4_2-A-5-700,CGGAGCCT+TAAGGCTC,"4,206,168",0.92,89.68,10.32,314,100,78.66,31.54
1,default,GSF2124-Lennon-Plate_4_2-B-1-600,TCGACGTC+CTAGTCGA,"664,787",0.15,91.35,8.65,49,100,82,32.15
1,default,GSF2124-Lennon-Plate_4_2-B-1-700,CGATCAGT+TAAGGCTC,"2,832,704",0.62,89.5,10.5,209,100,79.96,31.72
1,default,GSF2124-Lennon-Plate_4_2-B-2-600,ACTCGCTA+AGCTAGAA,"1,242,046",0.27,90.41,9.59,92,100,80.92,31.92
1,default,GSF2124-Lennon-Plate_4_2-B-2-700,TGCAGCTA+TAAGGCTC,"4,379,372",0.95,89.31,10.69,322,100,79.21,31.57
1,default,GSF2124-Lennon-Plate_4_2-B-3-600,GGAGCTAC+AGCTAGAA,"1,455,957",0.32,89.61,10.39,108,100,80.58,31.85
1,default,GSF2124-Lennon-Plate_4_2-B-3-700,TCGACGTC+TAAGGCTC,"3,003,053",0.65,90.08,9.92,221,100,80.3,31.8
1,default,GSF2124-Lennon-Plate_4_2-B-4-600,GCGTAGTA+AGCTAGAA,"934,879",0.2,91.68,8.32,69,100,81.17,31.97
1,default,GSF2124-Lennon-Plate_4_2-B-4-700,ACTCGCTA+TCGCATAA,"2,945,145",0.64,90.86,9.14,219,100,80.91,31.92
1,default,GSF2124-Lennon-Plate_4_2-B-5-600,CGGAGCCT+AGCTAGAA,"952,801",0.21,89.75,10.25,71,100,81.16,31.97
1,default,GSF2124-Lennon-Plate_4_2-B-5-700,GGAGCTAC+TCGCATAA,"3,870,429",0.85,90.37,9.63,288,100,80.66,31.87
1,default,GSF2124-Lennon-Plate_4_2-C-1-600,CGATCAGT+AGCTAGAA,"1,520,057",0.33,90.86,9.14,113,100,79.39,31.69
1,default,GSF2124-Lennon-Plate_4_2-C-1-700,TAGCGCTC+TCGCATAA,"2,004,908",0.44,92.1,7.9,150,100,80.33,31.89
1,default,GSF2124-Lennon-Plate_4_2-C-2-600,TGCAGCTA+AGCTAGAA,"1,183,913",0.26,91.46,8.54,88,100,79.31,31.67
1,default,GSF2124-Lennon-Plate_4_2-C-2-700,ACTGAGCG+TCGCATAA,"4,018,406",0.88,89.17,10.83,299,100,79.67,31.75
1,default,GSF2124-Lennon-Plate_4_2-C-3-700,CCTAAGAC+TCGCATAA,"2,164,515",0.47,89.63,10.37,161,100,79.48,31.71
1,default,GSF2124-Lennon-Plate_4_2-C-4-600,TCGACGTC+AGCTAGAA,"3,023,651",0.66,91.63,8.37,225,100,80.03,31.82
1,default,GSF2124-Lennon-Plate_4_2-C-4-700,CGATCAGT+TCGCATAA,"1,889,576",0.41,91.19,8.81,141,100,79.21,31.66
1,default,GSF2124-Lennon-Plate_4_2-C-5-600,ACTCGCTA+ACTCTAGG,"2,164,761",0.48,90.73,9.27,161,100,80.06,31.83
1,default,GSF2124-Lennon-Plate_4_2-C-5-700,TGCAGCTA+TCGCATAA,"4,212,210",0.92,91.74,8.26,314,100,79.44,31.7
1,default,GSF2124-Lennon-Plate_4_2-D-1-600,ATGCGCAG+ACTCTAGG,"2,693,467",0.59,91.75,8.25,201,100,81.4,32.1
1,default,GSF2124-Lennon-Plate_4_2-D-2-600,TAGCGCTC+ACTCTAGG,"2,209,120",0.49,91.44,8.56,165,100,81.87,32.19
1,default,GSF2124-Lennon-Plate_4_2-D-3-600,ACTGAGCG+ACTCTAGG,"1,576,393",0.35,89.24,10.76,119,100,82.07,32.23
1,default,GSF2124-Lennon-Plate_4_2-D-4-600,CCTAAGAC+ACTCTAGG,"3,271,321",0.72,89.7,10.3,245,100,81.45,32.11
1,default,GSF2124-Lennon-Plate_4_2-D-5-600,CGATCAGT+ACTCTAGG,"2,138,699",0.47,91.06,8.94,160,100,81.7,32.16
1,default,GSF2124-Lennon-Plate_4_2-J-1-600,ATGCGCAG+TCTTACGC,"2,430,025",0.53,90.42,9.58,180,100,79.66,31.72
1,default,GSF2124-Lennon-Plate_4_2-J-2-600,TAGCGCTC+TCTTACGC,"2,233,355",0.49,90.03,9.97,165,100,79.99,31.79
1,default,GSF2124-Lennon-Plate_4_2-J-3-600,ACTGAGCG+TCTTACGC,"1,719,356",0.38,87.72,12.28,129,100,79.84,31.76
1,default,GSF2124-Lennon-Plate_4_2-J-4-600,CCTAAGAC+TCTTACGC,"2,627,420",0.58,88.14,11.86,196,100,80.06,31.8
1,default,GSF2124-Lennon-Plate_4_2-J-5-600,CGATCAGT+TCTTACGC,"3,051,531",0.67,89.03,10.97,228,100,79.17,31.62
1,default,GSF2124-Lennon-Plate_4_2-P-1-600,CGGAGCCT+CTTAATAG,"2,488,950",0.54,90.32,9.68,184,100,79.68,31.73
1,default,GSF2124-Lennon-Plate_4_2-P-2-600,TACGCTGC+CTTAATAG,"1,493,257",0.33,91.08,8.92,111,100,79.11,31.61
1,default,GSF2124-Lennon-Plate_4_2-P-3-600,ATGCGCAG+CTTAATAG,"2,495,130",0.54,91.89,8.11,183,100,79.7,31.73
1,default,GSF2124-Lennon-Plate_4_2-P-4-600,TAGCGCTC+CTTAATAG,"3,856,217",0.84,91.21,8.79,285,100,80,31.79
1,default,GSF2124-Lennon-Plate_4_2-P-5-600,ACTGAGCG+CTTAATAG,"2,693,383",0.59,88.49,11.51,199,100,79.53,31.69
1,default,GSF2124-Lennon-Plate_4_2-S-1-600,CCTAAGAC+CTTAATAG,"1,602,720",0.35,90.06,9.94,119,100,81.03,31.95
1,default,GSF2124-Lennon-Plate_4_2-S-2-600,CGATCAGT+CTTAATAG,"1,410,490",0.31,90.77,9.23,105,100,80.51,31.84
1,default,GSF2124-Lennon-Plate_4_2-S-3-600,TGCAGCTA+CTTAATAG,"1,570,827",0.34,91.3,8.7,116,100,80.7,31.88
1,default,GSF2124-Lennon-Plate_4_2-S-4-600,TCGACGTC+CTTAATAG,"1,998,004",0.44,91.38,8.62,148,100,80.8,31.9
1,default,GSF2124-Lennon-Plate_4_2-S-5-600,ACTCGCTA+ATAGCCTT,"1,608,293",0.35,90.36,9.64,119,100,81.02,31.95
1,default,Undetermined,unknown,"41,857,994",8.7,100,NaN,2955,23.94,70.6,29.77